{"Scale": {"division": "8", "radius": 200, "ring_width": 0.44, "eye_width": 0.32, "rim_width": 2}, "Type": {"type": 0, "color_1": [0.6445, 0.7255, 0.7888, 1.0], "color_2": [0.8491, 0.8713, 0.5825, 1.0], "color_3": [0.7554, 0.9114, 0.8753, 1.0], "pattern_1": "Slate", "pattern_2": "Qbert", "pattern_3": "Stone", "yin_opacity": 100.0, "yang_opacity": 100.0, "rim_opacity": 100.0, "flip": 0, "is_transparent_eye": true}, "Overlay": {"is_overlay": true, "gradient_mode": "HSV Value", "gradient_opacity": 88.3, "overlay_gradient": "Caribbean Blues #1", "is_reversed": false}, "Emboss": {"is_emboss": true, "emboss_type": 0, "emboss_mode": "Overlay", "emboss_opacity": 100.0, "azimuth": 99.12, "elevation": 42.25, "depth": 1, "blur": 3.7, "contrast": 0.247}, "Animation": {"is_animate": false, "frame_count": 12, "timer": 100}}