{"Scale": {"division": "2", "radius": 200, "rim_width": 0, "ring_width": 0.76, "eye_width": 0.32}, "Type": {"type": 1, "color_1": [0.2614627349486076, 0.2653213442914175, 0.1054624697317692, 1.0], "color_2": [0.1789146400568571, 0.3756057633156017, 0.20477329539264932, 1.0], "color_3": [0.45612753865409683, 0.9629474998050587, 0.874063885493107, 1.0], "pattern_1": "dirt_grayrocky_df_.png", "pattern_2": "Woven Golden.png", "pattern_3": "tyllo-fur_animal4.png", "yin_opacity": 100.0, "yang_opacity": 100.0, "rim_opacity": 69.1, "flip": 0, "is_transparent_eye": false}, "Overlay": {"is_overlay": true, "gradient_mode": "Grain Extract", "gradient_opacity": 74.5, "overlay_gradient": "Brown Shine3", "is_reversed": true}, "Emboss": {"is_emboss": true, "emboss_type": 0, "emboss_mode": "Lighten Only", "emboss_opacity": 87.4, "azimuth": 10.32, "elevation": 45.21, "depth": 4, "blur": 3.99, "contrast": -0.161}, "Animation": {"is_animate": false, "frame_count": 12, "timer": 100}}