{"Scale": {"division": "2", "radius": 200, "ring_width": 0.2941, "eye_width": 0.3119, "rim_width": 9}, "Type": {"type": 0, "color_1": [0.5857735470255788, 0.503791660107684, 0.10637677608136187, 1.0], "color_2": [0.5857735470255788, 0.10637677608136187, 0.5037916601076837, 1.0], "color_3": [0.5857735470255788, 0.10637677608136187, 0.10637677608136187, 1.0], "pattern_1": "Leather", "pattern_2": "Leather", "pattern_3": "Leather", "yin_opacity": 100.0, "yang_opacity": 100.0, "rim_opacity": 100.0, "direction": 0, "is_transparent_eye": false}, "Overlay": {"is_overlay": true, "gradient_mode": "Luminance", "gradient_opacity": 59.2, "overlay_gradient": "Skyline", "is_reversed": false}, "Emboss": {"is_emboss": true, "emboss_type": 0, "emboss_mode": "Screen", "emboss_opacity": 75.1, "azimuth": 114.47, "elevation": 41.97, "depth": 5, "blur": 6.92, "contrast": 0.229}, "Rotate": {"is_rotate": false, "frame_count": 12, "timer": 100}}