{"Scale": {"division": "10", "radius": 200, "ring_width": 0.7051, "eye_width": 0.823, "rim_width": 10}, "Type": {"type": 0, "color_1": [0.5670053060235862, 0.8870131862495049, 0.3816058268611432, 1.0], "color_2": [0.5670053060235862, 0.3816058268611433, 0.8870131862495048, 1.0], "color_3": [0.5670053060235862, 0.8870131862495049, 0.8870131862495048, 1.0], "pattern_1": "Leather", "pattern_2": "Leather", "pattern_3": "Leather", "yin_opacity": 100.0, "yang_opacity": 100.0, "rim_opacity": 100.0, "flip": 0, "is_transparent_eye": false}, "Overlay": {"is_overlay": false, "gradient_mode": "Exclusion", "gradient_opacity": 100.0, "overlay_gradient": "Default", "is_reversed": false}, "Emboss": {"is_emboss": true, "emboss_type": 0, "emboss_mode": "Multiply", "emboss_opacity": 97.8, "azimuth": 283.49, "elevation": 48.04, "depth": 7, "blur": 3.55, "contrast": -0.021}, "Animation": {"is_animate": false, "frame_count": 12, "timer": 100}}