{"Scale": {"division": "12", "radius": 200, "ring_width": 0.9742, "eye_width": 0.73, "rim_width": 0}, "Type": {"type": 0, "color_1": [0.8976944690124252, 0.47026641803506963, 0.9060004418222398, 1.0], "color_2": [0.10230553098757478, 0.5297335819649304, 0.09399955817776018, 1.0], "color_3": [0.10230553098757478, 0.5297335819649304, 0.09399955817776018, 1.0], "pattern_1": "Leather", "pattern_2": "Leather", "pattern_3": "Leather", "yin_opacity": 100.0, "yang_opacity": 100.0, "rim_opacity": 100.0, "flip": 0, "is_transparent_eye": false}, "Overlay": {"is_overlay": true, "gradient_mode": "Overlay", "gradient_opacity": 89.3, "overlay_gradient": "Vintage-2", "is_reversed": false}, "Emboss": {"is_emboss": true, "emboss_type": 1, "emboss_mode": "Overlay", "emboss_opacity": 96.0, "azimuth": 279.96, "elevation": 30.74, "depth": 2, "blur": 7.24, "contrast": 0.895}, "Animation": {"is_animate": false, "frame_count": 12, "timer": 100}}