{"Scale": {"division": "8", "radius": 200, "ring_width": 0.6629, "eye_width": 0.0802, "rim_width": 10}, "Type": {"type": 0, "color_1": [0.737952357877925, 0.7687348687005191, 0.9667841822928953, 1.0], "color_2": [0.737952357877925, 0.9667841822928953, 0.7687348687005192, 1.0], "color_3": [0.737952357877925, 0.7687348687005191, 0.7687348687005192, 1.0], "pattern_1": "Leather", "pattern_2": "Leather", "pattern_3": "Leather", "yin_opacity": 100.0, "yang_opacity": 100.0, "rim_opacity": 100.0, "flip": 0, "is_transparent_eye": false}, "Overlay": {"is_overlay": true, "gradient_mode": "Difference", "gradient_opacity": 73.3, "overlay_gradient": "Hard spectrum many shades", "is_reversed": false}, "Emboss": {"is_emboss": true, "emboss_type": 0, "emboss_mode": "Luma Darken Only", "emboss_opacity": 43.5, "azimuth": 301.36, "elevation": 48.54, "depth": 3, "blur": 6.45, "contrast": 0.601}, "Rotate": {"is_rotate": false, "frame_count": 12, "timer": 100}}