{"Scale": {"division": "10", "radius": 200, "ring_width": 0.7669, "eye_width": 0.6634, "rim_width": 7}, "Type": {"type": 0, "color_1": [0.9274946631817103, 0.3407741817555815, 0.3624924801261812, 1.0], "color_2": [0.5490541450690035, 0.01900435094295394, 0.8121164640778108, 1.0], "color_3": [0.520219730727515, 0.6903359112300355, 0.08592591922137605, 1.0], "pattern_1": "Noodly Fire on Open Seas.png", "pattern_2": "Color Full.png", "pattern_3": "AdGearBedRoll_Leather.png", "yin_opacity": 100.0, "yang_opacity": 100.0, "rim_opacity": 100.0, "flip": 1, "is_transparent_eye": false}, "Overlay": {"is_overlay": true, "gradient_mode": "Difference", "gradient_opacity": 41.4, "overlay_gradient": "Vintage-4", "is_reversed": true}, "Emboss": {"is_emboss": true, "emboss_type": 0, "emboss_mode": "Grain Merge", "emboss_opacity": 100.0, "azimuth": 8.11, "elevation": 19.2, "depth": 10, "blur": 1.17, "contrast": 0.151}, "Animation": {"is_animate": false, "frame_count": 12, "timer": 100}}