{"Scale": {"division": "8", "radius": 200, "ring_width": 0.6331, "eye_width": 0.554, "rim_width": 4}, "Type": {"type": 0, "color_1": [0.8705882352941177, 0.8666666666666667, 0.8549019607843137, 1.0], "color_2": [0.6826856285754547, 0.5864042620236197, 0.6703431702352034, 1.0], "color_3": [0.6826856285754547, 0.5864042620236197, 0.6703431702352034, 1.0], "pattern_1": "Leather", "pattern_2": "Leather", "pattern_3": "Leather", "yin_opacity": 100.0, "yang_opacity": 100.0, "rim_opacity": 100.0, "flip": 0, "is_transparent_eye": false}, "Overlay": {"is_overlay": true, "gradient_mode": "Multiply", "gradient_opacity": 69.1, "overlay_gradient": "Shadows 1 #1", "is_reversed": false}, "Emboss": {"is_emboss": true, "emboss_type": 1, "emboss_mode": "Hard Light", "emboss_opacity": 69.4, "azimuth": 74.98, "elevation": 13.84, "depth": 7, "blur": 0.79, "contrast": 0.884}, "Animation": {"is_animate": false, "frame_count": 12, "timer": 100}}