{"Scale": {"division": "4", "radius": 200, "rim_width": 6, "ring_width": 0.95, "eye_width": 0.2}, "Type": {"type": 0, "color_1": [0.5508827282230743, 0.6063770476617685, 0.4715248923269132, 1.0], "color_2": [0.47298078823439255, 0.5284751076730867, 0.3936229523382315, 1.0], "color_3": [0.5508827282230743, 0.6063770476617685, 0.3936229523382315, 1.0], "pattern_1": "Kamen-nyu-fotograf-Din-Fidelman_1.png", "pattern_2": "dirt_grayrocky_df_.png", "pattern_3": "NOCTUA Graphics Seemless Texture, Optimized by Pegasus Imaging Corp, http://www.jpg.com #3", "yin_opacity": 100.0, "yang_opacity": 100.0, "rim_opacity": 100.0, "flip": 1, "is_transparent_eye": false}, "Overlay": {"is_overlay": true, "gradient_mode": "Screen", "gradient_opacity": 80.5, "overlay_gradient": "Vintage-7", "is_reversed": true}, "Emboss": {"is_emboss": true, "emboss_type": 0, "emboss_mode": "Screen", "emboss_opacity": 64.9, "azimuth": 316.54, "elevation": 27.36, "depth": 1, "blur": 6.31, "contrast": -0.441}, "Animation": {"is_animate": false, "frame_count": 12, "timer": 100}}