{"Scale": {"division": "10", "radius": 200, "ring_width": 0.3485, "eye_width": 0.8022, "rim_width": 11}, "Type": {"type": 0, "color_1": [0.5138834897332163, 0.3358295297404207, 0.14993278069377503, 1.0], "color_2": [0.8500672193062251, 0.6720132593134294, 0.4861165102667837, 1.0], "color_3": [0.5138834897332163, 0.3358295297404207, 0.4861165102667837, 1.0], "pattern_1": "Leather", "pattern_2": "Leather", "pattern_3": "Leather", "yin_opacity": 100.0, "yang_opacity": 100.0, "rim_opacity": 100.0, "flip": 1, "is_transparent_eye": false}, "Overlay": {"is_overlay": true, "gradient_mode": "Addition", "gradient_opacity": 100.0, "overlay_gradient": "Pastels #1", "is_reversed": true}, "Emboss": {"is_emboss": true, "emboss_type": 0, "emboss_mode": "Screen", "emboss_opacity": 56.7, "azimuth": 71.79, "elevation": 41.06, "depth": 4, "blur": 4.6, "contrast": -0.365}, "Animation": {"is_animate": false, "frame_count": 12, "timer": 100}}