{"Scale": {"division": "4", "radius": 200, "ring_width": 0.5838, "eye_width": 0.9919, "rim_width": 5}, "Type": {"type": 0, "color_1": [0.4595614120939271, 0.9155782006692127, 0.9324592001087946, 1.0], "color_2": [0.5404385879060729, 0.0844217993307873, 0.06754079989120543, 1.0], "color_3": [0.4595614120939271, 0.0844217993307873, 0.9324592001087946, 1.0], "pattern_1": "Leather", "pattern_2": "Leather", "pattern_3": "Leather", "yin_opacity": 100.0, "yang_opacity": 100.0, "rim_opacity": 100.0, "flip": 0, "is_transparent_eye": true}, "Overlay": {"is_overlay": true, "gradient_mode": "Lighten Only", "gradient_opacity": 96.7, "overlay_gradient": "Candy corn", "is_reversed": false}, "Emboss": {"is_emboss": true, "emboss_type": 0, "emboss_mode": "Normal", "emboss_opacity": 11.5, "azimuth": 180.42, "elevation": 33.06, "depth": 9, "blur": 0.46, "contrast": -0.306}, "Animation": {"is_animate": false, "frame_count": 12, "timer": 100}}