{"Scale": {"division": "8", "radius": 200, "ring_width": 0.8218, "eye_width": 0.33, "rim_width": 8}, "Type": {"type": 0, "color_1": [0.3409677181428472, 0.430329355906359, 0.7071000462427278, 1.0], "color_2": [0.3409677181428471, 0.7071000462427278, 0.4303293559063591, 1.0], "color_3": [0.3409677181428472, 0.7071000462427278, 0.7071000462427278, 1.0], "pattern_1": "Leather", "pattern_2": "Leather", "pattern_3": "Leather", "yin_opacity": 100.0, "yang_opacity": 100.0, "rim_opacity": 100.0, "flip": 0, "is_transparent_eye": true}, "Overlay": {"is_overlay": true, "gradient_mode": "Overlay", "gradient_opacity": 6.8, "overlay_gradient": "Ring-12", "is_reversed": true}, "Emboss": {"is_emboss": true, "emboss_type": 0, "emboss_mode": "Exclusion", "emboss_opacity": 68.1, "azimuth": 87.65, "elevation": 56.71, "depth": 1, "blur": 0.32, "contrast": 0.787}, "Rotate": {"is_rotate": false, "frame_count": 3, "timer": 100}}