{"Scale": {"division": "2", "radius": 200, "ring_width": 0.3736, "eye_width": 0.3036, "rim_width": 11}, "Type": {"type": 0, "color_1": [0.5546936969559719, 0.21997312914475375, 0.5687740187670929, 1.0], "color_2": [0.5546936969559719, 0.5687740187670929, 0.21997312914475375, 1.0], "color_3": [0.5546936969559719, 0.5687740187670929, 0.21997312914475375, 1.0], "pattern_1": "Leather", "pattern_2": "Leather", "pattern_3": "Leather", "yin_opacity": 100.0, "yang_opacity": 100.0, "rim_opacity": 100.0, "direction": 0, "is_transparent_eye": false}, "Overlay": {"is_overlay": true, "gradient_mode": "Burn", "gradient_opacity": 86.5, "overlay_gradient": "Flare Radial 101", "is_reversed": true}, "Emboss": {"is_emboss": true, "emboss_type": 0, "emboss_mode": "Normal", "emboss_opacity": 46.9, "azimuth": 230.51, "elevation": 58.55, "depth": 2, "blur": 8.04, "contrast": -0.407}, "Rotate": {"is_rotate": false, "frame_count": 12, "timer": 100}}