{"Scale": {"division": "10", "radius": 200, "ring_width": 0.5, "eye_width": 0.75, "rim_width": 4}, "Type": {"type": 0, "color_1": [0.8920520633379613, 0.8049531879421121, 0.6864469901792706, 1.0], "color_2": [0.10794793666203872, 0.19504681205788788, 0.3135530098207294, 1.0], "color_3": [0.8920520633379613, 0.8049531879421121, 0.6864469901792706, 1.0], "pattern_1": "Leather", "pattern_2": "Leather", "pattern_3": "Leather", "yin_opacity": 100.0, "yang_opacity": 100.0, "rim_opacity": 100.0, "direction": 0, "is_transparent_eye": false}, "Overlay": {"is_overlay": true, "gradient_mode": "Grain Extract", "gradient_opacity": 55.6, "overlay_gradient": "Burning Paper #1", "is_reversed": false}, "Emboss": {"is_emboss": true, "emboss_type": 0, "emboss_mode": "Overlay", "emboss_opacity": 92.2, "azimuth": 96.23, "elevation": 40.77, "depth": 3, "pre_blur": 2.0, "post_blur": 2.0, "contrast": -0.526}, "Rotate": {"is_rotate": false, "frame_count": 12, "timer": 100}}