{"Scale": {"division": "2", "radius": 200, "ring_width": 1.0, "eye_width": 0.33, "rim_width": 10}, "Type": {"type": 0, "color_1": [0.23167765937860796, 0.6657101538697544, 0.638411541670651, 1.0], "color_2": [0.3342898461302455, 0.7683223406213922, 0.7410237284222888, 1.0], "color_3": [0.3342898461302455, 0.6657101538697544, 0.638411541670651, 1.0], "pattern_1": "Leather", "pattern_2": "Leather", "pattern_3": "Leather", "yin_opacity": 100.0, "yang_opacity": 100.0, "rim_opacity": 100.0, "direction": 0, "is_transparent_eye": false}, "Overlay": {"is_overlay": false, "gradient_mode": "Exclusion", "gradient_opacity": 100.0, "overlay_gradient": "Default", "is_reversed": false}, "Emboss": {"is_emboss": true, "emboss_type": 0, "emboss_mode": "Hard Light", "emboss_opacity": 78.9, "azimuth": 45.0, "elevation": 30.0, "depth": 4, "pre_blur": 4.33, "post_blur": 3.04, "contrast": -0.658}, "Rotate": {"is_rotate": false, "frame_count": 12, "timer": 100}}