{"Scale": {"division": "10", "radius": 200, "ring_width": 0.3976, "eye_width": 0.2062, "rim_width": 5}, "Type": {"type": 0, "color_1": [0.3949320042628941, 0.13599996977272422, 0.6345891681486591, 1.0], "color_2": [0.6243428663415109, 0.36541083185134093, 0.8640000302272757, 1.0], "color_3": [0.3949320042628941, 0.36541083185134093, 0.6345891681486591, 1.0], "pattern_1": "Leather", "pattern_2": "Leather", "pattern_3": "Leather", "yin_opacity": 100.0, "yang_opacity": 100.0, "rim_opacity": 100.0, "flip": 0, "is_transparent_eye": false}, "Overlay": {"is_overlay": true, "gradient_mode": "HSV Value", "gradient_opacity": 97.5, "overlay_gradient": "Carbon Footprint", "is_reversed": false}, "Emboss": {"is_emboss": true, "emboss_type": 1, "emboss_mode": "Erase", "emboss_opacity": 94.9, "azimuth": 177.75, "elevation": 54.5, "depth": 7, "blur": 9.63, "contrast": -0.87}, "Animation": {"is_animate": false, "frame_count": 12, "timer": 100}}