{"Scale": {"division": "6", "radius": 200, "ring_width": 0.5333, "eye_width": 0.1132, "rim_width": 10}, "Type": {"type": 0, "color_1": [0.20292573656303503, 0.8681547007315852, 0.5341866346629346, 1.0], "color_2": [0.797074263436965, 0.13184529926841482, 0.4658133653370654, 1.0], "color_3": [0.797074263436965, 0.8681547007315852, 0.5341866346629346, 1.0], "pattern_1": "Leather", "pattern_2": "Leather", "pattern_3": "Leather", "yin_opacity": 100.0, "yang_opacity": 100.0, "rim_opacity": 100.0, "flip": 0, "is_transparent_eye": true}, "Overlay": {"is_overlay": true, "gradient_mode": "Screen", "gradient_opacity": 28.5, "overlay_gradient": "Bee Hive", "is_reversed": false}, "Emboss": {"is_emboss": true, "emboss_type": 0, "emboss_mode": "Normal", "emboss_opacity": 70.6, "azimuth": 264.98, "elevation": 32.61, "depth": 9, "blur": 7.42, "contrast": -0.009}, "Animation": {"is_animate": false, "frame_count": 12, "timer": 100}}