{"Scale": {"division": "4", "radius": 200, "ring_width": 0.3216, "eye_width": 0.7803, "rim_width": 8}, "Type": {"type": 0, "color_1": [0.410305308864904, 0.5674628875223664, 0.9861182043846225, 1.0], "color_2": [0.6843299610093856, 0.69190752449678, 0.7120935522401408, 1.0], "color_3": [0.410305308864904, 0.69190752449678, 0.9861182043846225, 1.0], "pattern_1": "Leather", "pattern_2": "Leather", "pattern_3": "Leather", "yin_opacity": 100.0, "yang_opacity": 100.0, "rim_opacity": 100.0, "flip": 0, "is_transparent_eye": true}, "Overlay": {"is_overlay": true, "gradient_mode": "Difference", "gradient_opacity": 42.3, "overlay_gradient": "Vintage-8", "is_reversed": false}, "Emboss": {"is_emboss": true, "emboss_type": 0, "emboss_mode": "Normal", "emboss_opacity": 70.6, "azimuth": 264.98, "elevation": 32.61, "depth": 9, "blur": 7.42, "contrast": -0.009}, "Animation": {"is_animate": false, "frame_count": 12, "timer": 100}}