{"Scale": {"division": "2", "radius": 200, "rim_width": 1, "ring_width": 1.0, "eye_width": 0.81}, "Type": {"type": 0, "color_1": [0.3628656910463609, 0.335823153974664, 0.4280834912249383, 1.0], "color_2": [0.9455039624241206, 0.05955309883906568, 0.4407882056352247, 1.0], "color_3": [0.3037314023311154, 0.6827558686305982, 0.09455153831550178, 1.0], "pattern_1": "Kamen-nyu-fotograf-Din-Fidelman_1.png", "pattern_2": "Hatch_428.png", "pattern_3": "3dtxt026.png", "yin_opacity": 100.0, "yang_opacity": 100.0, "rim_opacity": 100.0, "flip": 0, "is_transparent_eye": false}, "Overlay": {"is_overlay": true, "gradient_mode": "Soft Light", "gradient_opacity": 65.0, "overlay_gradient": "Chocolate3", "is_reversed": false}, "Emboss": {"is_emboss": true, "emboss_type": 0, "emboss_mode": "Grain Merge", "emboss_opacity": 70.2, "azimuth": 270.85, "elevation": 16.0, "depth": 5, "blur": 0.6, "contrast": -0.051}, "Animation": {"is_animate": false, "frame_count": 12, "timer": 100}}