{"Scale": {"division": "6", "radius": 200, "ring_width": 0.503, "eye_width": 0.3961, "rim_width": 3}, "Type": {"type": 0, "color_1": [0.06467163775331786, 0.073550327098728, 0.2516140193925299, 1.0], "color_2": [0.010435337816055323, 0.44875964323125594, 0.6209866630322952, 1.0], "color_3": [0.9270014508266016, 0.16710488357336883, 0.07293024593139197, 1.0], "pattern_1": "BF_DP_Free02.png", "pattern_2": "Hatch_424.png", "pattern_3": "metal3.png", "yin_opacity": 100.0, "yang_opacity": 100.0, "rim_opacity": 100.0, "flip": 1, "is_transparent_eye": false}, "Overlay": {"is_overlay": true, "gradient_mode": "LCH Chroma", "gradient_opacity": 0.4, "overlay_gradient": "Vintage-9", "is_reversed": false}, "Emboss": {"is_emboss": true, "emboss_type": 0, "emboss_mode": "Linear Light", "emboss_opacity": 13.4, "azimuth": 210.46, "elevation": 21.05, "depth": 3, "blur": 2.71, "contrast": -0.073}, "Animation": {"is_animate": false, "frame_count": 12, "timer": 100}}