{"Scale": {"division": "6", "radius": 200, "ring_width": 0.75, "eye_width": 0.33, "rim_width": 12}, "Type": {"type": 0, "color_1": [0.42342830092361505, 0.2558281820831294, 0.5328195066037155, 1.0], "color_2": [0.44808538528926345, 0.13849566226029308, 0.6501520264265518, 1.0], "color_3": [0.42342830092361505, 0.13849566226029308, 0.5328195066037155, 1.0], "pattern_1": "Leather", "pattern_2": "Leather", "pattern_3": "Leather", "yin_opacity": 100.0, "yang_opacity": 100.0, "rim_opacity": 100.0, "flip": 0, "is_transparent_eye": false}, "Overlay": {"is_overlay": true, "gradient_mode": "HSV Saturation", "gradient_opacity": 98.0, "overlay_gradient": "12Lemon", "is_reversed": true}, "Emboss": {"is_emboss": true, "emboss_type": 1, "emboss_mode": "Addition", "emboss_opacity": 36.7, "azimuth": 309.92, "elevation": 55.42, "depth": 1.0, "blur": 4.11, "contrast": -0.765}, "Animation": {"is_animate": false, "frame_count": 12, "timer": 100}}