{"Scale": {"division": "6", "radius": 200, "ring_width": 0.3715, "eye_width": 0.252, "rim_width": 5}, "Type": {"type": 0, "color_1": [0.8080192542617157, 0.22973730828407568, 0.8858228318894448, 1.0], "color_2": [0.6924591140881948, 0.11417716811055512, 0.7702626917159244, 1.0], "color_3": [0.8080192542617157, 0.11417716811055512, 0.7702626917159244, 1.0], "pattern_1": "Leather", "pattern_2": "Leather", "pattern_3": "Leather", "yin_opacity": 100.0, "yang_opacity": 100.0, "rim_opacity": 100.0, "flip": 0, "is_transparent_eye": false}, "Overlay": {"is_overlay": true, "gradient_mode": "Luma Lighten Only", "gradient_opacity": 36.4, "overlay_gradient": "Rounded edge", "is_reversed": true}, "Emboss": {"is_emboss": true, "emboss_type": 0, "emboss_mode": "Grain Merge", "emboss_opacity": 100.0, "azimuth": 8.11, "elevation": 19.2, "depth": 10, "blur": 1.17, "contrast": 0.151}, "Animation": {"is_animate": false, "frame_count": 12, "timer": 100}}