{"": {"Node": {"selected_row": 5}}, "Light": {"Gradient": "Metallic_8", "Pattern": "Hoobariko Reedz.png", "rw2": {"Heat": {"Background": {"Opacity": 0.0, "Mode": "Normal"}, "Pipe": {"Opacity": 10.0, "Mode": "Lighten Only"}, "Accent": {"Opacity": 10.0, "Mode": "Linear Burn"}, "Stripe": {"Opacity": 30.0, "Mode": "Hard Light"}, "Plaque": {"Opacity": 40.0, "Mode": "Burn"}, "Wobble": {"Opacity": 10.0, "Mode": "Vivid Light"}}}, "Random Seed": 93452.0, "rw1": {"Mask": {"Angle": 0.0, "Vertical Scale": 1.0, "Corner Type": "Cut Corner", "Random Seed": 0.0, "rw1": {"Brush, Group": {"Opacity": 100.0, "Brush Size": 100.0, "Angle Jitter": 0.0, "Random Seed": 0.0, "Upscale": 0.0, "Brush": "C_Normal Brush 80", "Brush Spacing": 100.0, "Up Space": 0.0, "Brush Angle": 0.0, "Hardness": 1.0}, "Image, Choice": {"Folder Order": 0, "Slice Order": 0, "Slice": 0, "File": "", "Image Name": "", "Column": 1.0, "Random Seed": 0.0, "Layer Order": 0, "Switch": 0, "Layered": 0, "Tab": 1.0, "Filter": "", "Auto-Crop": 0, "Folder": "", "Type": "Next", "Loop": 0, "Row": 1.0}}, "Rectangle Type": "Rectangle", "Feather": 0.0, "Type": "Circle", "Pupil Scale": 0.33, "Horizontal Scale": 1.0, "Amp": 3.0, "Invert": 0, "Parallelogram Scale": 0.5, "Smooth": 4.0, "Contract": 0.0, "Hexagon Type": "Hexagon", "Switch": 0, "Steps": 6.0, "Octagon Type": "Octagon", "Triangle Type": "Triangle, Up, Regular", "Text": "", "Gradient Angle": "Top-center to Bottom-center", "Gradient Type": "Linear", "Font": "Tahoma"}, "Mod": {"Flip Horizontal": 0, "Saturation": 0.0, "Brightness": 0.0, "Invert": 0, "Flip Vertical": 0, "Switch": 0, "Blur, Group": {"Size Y": 0.0, "Size X": 0.0, "Switch": 0, "Percentile": 50.0, "Radius": 3, "Type": 0, "Alpha Percentile": 50.0}, "Contrast": 0.0}}, "Switch": 0, "Image, Choice": {"Folder Order": 0, "Slice Order": 0, "Slice": 0, "File": "", "Image Name": "", "Column": 1.0, "Random Seed": 0.0, "Layer Order": 0, "Switch": 0, "Layered": 0, "Tab": 1.0, "Filter": "", "Auto-Crop": 0, "Folder": "", "Type": "Next", "Loop": 0, "Row": 1.0}, "Gradient Type": "Square", "Color, 1": [86, 203, 4], "Gradient Angle": "Top-right to Bottom-left", "Type": "Color"}, "Global": {"Render Height": 1200.0, "Work in Progress": 1.5, "Light Azimuth": 312.9, "Random Seed": 23329.0, "rw1": {"Delete Plan": 1, "Hide Layer": 0}, "Render Width": 1200.0, "Elevation": 11.8}, "Accent": {"Switch": 1, "Option List": {"Back Game": {"Opacity": 100.0, "Triangle": 3.0, "brw": {"Add": {"Color": {"Opacity": 100.0, "Switch": 0, "Color, 1": [0, 255, 0], "Mode": "LCH Color"}, "rw1": {"Bump": {"Opacity": 10.0, "Noise": 0.0, "Invert": 0, "Switch": 1, "Amount": 4.0, "Depth": 4.0, "Blur Y": 13.8, "Blur X": 4.2, "Type": "Edge", "Mode": "Divide"}, "Noise, Group": {"Opacity": 100.0, "Noise Amount": 2.0, "Opaque": 0, "brw": {"Bump": {"Opacity": 100.0, "Noise": 0.07, "Invert": 0, "Switch": 0, "Amount": 1.0, "Blur Y": 6.0, "Mode": "Overlay", "Type": "Noise", "Depth": 1.0, "Blur X": 48.0}, "Mod": {"Flip Horizontal": 0, "Saturation": 0.0, "Brightness": 0.0, "Invert": 0, "Flip Vertical": 0, "Switch": 0, "Blur, Group": {"Size Y": 0.0, "Size X": 0.0, "Switch": 0, "Percentile": 50.0, "Radius": 3, "Type": 0, "Alpha Percentile": 50.0}, "Contrast": 0.0}}, "Speck Noise": 0.22, "Random Seed": 0.0, "Switch": 0, "Length": 4.0, "Mode": "Normal", "Radius": 10, "Type": "Ink"}}, "Switch": 1, "brw": {"Below": {"Opacity": 100.0, "Opaque": 0, "Switch": 0, "Mode": "Normal", "Type": "Mask", "Mod": {"Flip Horizontal": 0, "Saturation": 0.0, "Brightness": 0.0, "Invert": 0, "Flip Vertical": 0, "Switch": 0, "Blur, Group": {"Size Y": 0.0, "Size X": 0.0, "Switch": 0, "Percentile": 50.0, "Radius": 3, "Type": 0, "Alpha Percentile": 50.0}, "Contrast": 0.0}}, "Shadow": {"Inner Shadow": {"Offset Y": 0.0, "Offset X": 0.0, "Switch": 0, "Intensity": 0.0, "Mode": "Normal", "Blur": 15.0, "Color, 1": [0, 0, 0]}, "Switch, Shadow": {"Switch": 0}, "Shadow #1": {"Offset Y": 0.0, "Offset X": 0.0, "Switch": 0, "Intensity": 0.0, "Mode": "Normal", "Blur": 15.0, "Color, 1": [0, 0, 0]}, "Shadow #2": {"Offset Y": 0.0, "Offset X": 0.0, "Switch": 0, "Intensity": 0.0, "Mode": "Normal", "Blur": 15.0, "Color, 1": [0, 0, 0]}}}}, "Mod": {"Flip Horizontal": 0, "Saturation": -20.0, "Brightness": -30.0, "Invert": 0, "Flip Vertical": 0, "Switch": 1, "Blur, Group": {"Size Y": 0.0, "Size X": 0.0, "Switch": 1, "Percentile": 50.0, "Radius": 120.0, "Type": 1, "Alpha Percentile": 50.0}, "Contrast": 0.0}}, "Mean Color": 0, "Mode": "Normal", "Horizontal": 1, "Color, 2A": [[170, 221, 165, 255], [223, 223, 167, 255]]}}}, "Background": {"Gradient": "Default", "Pattern": "Pine", "Random Seed": 0.0, "rw1": {"Add, Above": {"brw": {"Bump": {"Opacity": 20.0, "Noise": 0.06, "Invert": 0, "Switch": 1, "Amount": 1.0, "Depth": 1.0, "Blur Y": 6.0, "Blur X": 48.0, "Type": "Edge", "Mode": "Overlay"}, "Noise, Group": {"Opacity": 100.0, "Noise Amount": 2.0, "Opaque": 0, "brw": {"Bump": {"Opacity": 100.0, "Noise": 0.07, "Invert": 0, "Switch": 0, "Amount": 1.0, "Blur Y": 6.0, "Mode": "Overlay", "Type": "Noise", "Depth": 1.0, "Blur X": 48.0}, "Mod": {"Flip Horizontal": 0, "Saturation": 0.0, "Brightness": 0.0, "Invert": 0, "Flip Vertical": 0, "Switch": 0, "Blur, Group": {"Size Y": 0.0, "Size X": 0.0, "Switch": 0, "Percentile": 50.0, "Radius": 3, "Type": 0, "Alpha Percentile": 50.0}, "Contrast": 0.0}}, "Speck Noise": 0.22, "Random Seed": 0.0, "Switch": 0, "Length": 5.0, "Mode": "Normal", "Radius": 5, "Type": "Ink"}}, "rw1": {"Color": {"Opacity": 100.0, "Switch": 0, "Color, 1": [0, 255, 0], "Mode": "LCH Color"}, "Inset": {"Offset Y": 0.0, "Offset X": 0.0, "Switch": 0, "Intensity": 0.0, "Mode": "Normal", "Blur": 15.0, "Color, 1": [0, 0, 0]}}, "Switch": 0}, "Mod": {"Flip Horizontal": 0, "Saturation": 0.0, "Brightness": 0.0, "Invert": 0, "Flip Vertical": 0, "Switch": 0, "Blur, Group": {"Size Y": 0.0, "Size X": 0.0, "Switch": 0, "Percentile": 50.0, "Radius": 3, "Type": 0, "Alpha Percentile": 50.0}, "Contrast": 0.0}}, "Image, Choice": {"Folder Order": 0, "Slice Order": 0, "Slice": 0, "File": "", "Image Name": "None", "Column": 1.0, "Previous": null, "Random Seed": 0.0, "Layer Order": 0, "Switch": 1, "Layered": 0, "Tab": 1.0, "Filter": "", "Auto-Crop": 0, "Folder": "D:\\Gimp\\Folders\\3440 x 1440", "Next": null, "Type": "Random", "Loop": 0, "Row": 1.0}, "Gradient Type": "Linear", "Color, 1": [0, 0, 0], "Gradient Angle": "Top-center to Bottom-center", "Type": "Empty"}, "Model": {"Model List": {"Active": {}, "Shelf": {}, "Model": {}}}}