{"": {"Node": {"selected_row": 6}}, "Light": {"Gradient": "Default", "Pattern": "Pine", "rw2": {"Heat": {}}, "Random Seed": 0.0, "rw1": {"Mask": {"Angle": 0.0, "Vertical Scale": 1.0, "Corner Type": "Cut Corner", "Random Seed": 0.0, "rw1": {"Brush, Group": {"Opacity": 100.0, "Brush Size": 100.0, "Angle Jitter": 0.0, "Random Seed": 0.0, "Upscale": 0.0, "Brush": "C_Normal Brush 80", "Brush Spacing": 100.0, "Up Space": 0.0, "Brush Angle": 0.0, "Hardness": 1.0}, "Image, Choice": {"Folder Order": 0, "Slice Order": 0, "Slice": 0, "Tab": 1.0, "Image Name": "", "Column": 1.0, "Random Seed": 0.0, "Layer Order": 0, "Switch": 0, "Layered": 0, "File": "", "Filter": "", "Auto-Crop": 0, "Folder": "", "Type": "Next", "Loop": 0, "Row": 1.0}}, "Rectangle Type": "Rectangle", "Feather": 0.0, "Type": "Circle", "Pupil Scale": 0.33, "Horizontal Scale": 1.0, "Amp": 3.0, "Invert": 0, "Parallelogram Scale": 0.5, "Smooth": 4.0, "Contract": 0.0, "Hexagon Type": "Hexagon", "Switch": 0, "Steps": 6.0, "Octagon Type": "Octagon", "Triangle Type": "Triangle, Up, Regular", "Text": "", "Gradient Angle": "Top-center to Bottom-center", "Gradient Type": "Linear", "Font": "Tahoma"}, "Mod": {"Flip Horizontal": 0, "Saturation": 0.0, "Brightness": 0.0, "Invert": 0, "Flip Vertical": 0, "Switch": 0, "Blur, Group": {"Size Y": 0.0, "Size X": 0.0, "Switch": 0, "Percentile": 50.0, "Radius": 3, "Type": 0, "Alpha Percentile": 50.0, "Select": 0}, "Contrast": 0.0}}, "Switch": 0, "Image, Choice": {"Folder Order": 0, "Slice Order": 0, "Slice": 0, "Tab": 1.0, "Image Name": "", "Column": 1.0, "Random Seed": 0.0, "Layer Order": 0, "Switch": 0, "Layered": 0, "File": "", "Filter": "", "Auto-Crop": 0, "Folder": "", "Type": "Next", "Loop": 0, "Row": 1.0}, "Gradient Type": "Linear", "Color, 1": [0, 0, 0], "Gradient Angle": "Top-center to Bottom-center", "Type": "Gradient"}, "Global": {"Render Height": 1440.0, "Work in Progress": 1.5, "Light Azimuth": 45.0, "Random Seed": 0.0, "rw1": {"Delete Plan": 0, "Hide Layer": 0}, "Render Width": 1440.0, "Elevation": 13.0}, "Accent": {"Switch": 1, "Option List": {"Mean Color": {"Opacity": 88.0, "brw": {"Add": {"Color": {"Opacity": 100.0, "Switch": 0, "Color, 1": [0, 255, 0], "Mode": "LCH Color"}, "rw1": {"Bump": {"Opacity": 100.0, "Noise": 0.07, "Invert": 0, "Switch": 0, "Amount": 1.0, "Blur Y": 6.0, "Mode": "Overlay", "Type": "Noise", "Depth": 1.0, "Blur X": 48.0}, "Noise, Group": {"Opacity": 100.0, "Noise Amount": 2.0, "Opaque": 0, "brw": {"Bump": {"Opacity": 100.0, "Noise": 0.07, "Invert": 0, "Switch": 0, "Amount": 1.0, "Blur Y": 6.0, "Mode": "Overlay", "Type": "Noise", "Depth": 1.0, "Blur X": 48.0}, "Mod": {"Flip Horizontal": 0, "Saturation": 0.0, "Brightness": 0.0, "Invert": 0, "Flip Vertical": 0, "Switch": 0, "Blur, Group": {"Size Y": 0.0, "Size X": 0.0, "Switch": 0, "Percentile": 50.0, "Radius": 3, "Type": 0, "Alpha Percentile": 50.0, "Select": 0}, "Contrast": 0.0}}, "Speck Noise": 0.22, "Random Seed": 0.0, "Switch": 0, "Length": 4.0, "Mode": "Normal", "Radius": 10, "Type": "Ink"}}, "Switch": 1, "brw": {"Below": {"Opacity": 100.0, "Opaque": 0, "Switch": 0, "Mode": "Normal", "Type": "Mask", "Mod": {"Flip Horizontal": 0, "Saturation": 0.0, "Brightness": 0.0, "Invert": 0, "Flip Vertical": 0, "Switch": 0, "Blur, Group": {"Size Y": 0.0, "Size X": 0.0, "Switch": 0, "Percentile": 50.0, "Radius": 3, "Type": 0, "Alpha Percentile": 50.0, "Select": 0}, "Contrast": 0.0}}, "Shadow": {"Inner Shadow": {"Offset Y": 0.0, "Offset X": 0.0, "Intensity": 150.0, "Switch": 1, "Mode": "Normal", "Blur": 240.0, "Color, 1": [0, 0, 0]}, "Shadow": {"Node": {"selected_row": 3}}, "Switch, Shadow": {"Switch": 1}, "Shadow #2": {"Offset Y": 0.0, "Offset X": 0.0, "Intensity": 0.0, "Switch": 0, "Mode": "Normal", "Blur": 15.0, "Color, 1": [0, 0, 0]}, "Shadow #1": {"Offset Y": 0.0, "Offset X": 0.0, "Intensity": 0.0, "Switch": 0, "Mode": "Normal", "Blur": 15.0, "Color, 1": [0, 0, 0]}}}}, "Mod": {"Flip Horizontal": 0, "Saturation": 0.0, "Brightness": 0.0, "Invert": 0, "Flip Vertical": 0, "Switch": 0, "Blur, Group": {"Size Y": 0.0, "Size X": 0.0, "Switch": 0, "Percentile": 50.0, "Radius": 3, "Type": 0, "Alpha Percentile": 50.0, "Select": 0}, "Contrast": 0.0}}, "Mode": "Dissolve"}}}, "Background": {"Gradient": "Default", "Pattern": "Pine", "Random Seed": 0.0, "rw1": {"Add, Above": {"brw": {"Bump": {"Opacity": 80.0, "Noise": 0.07, "Invert": 0, "Switch": 1, "Amount": 1.0, "Depth": 1.0, "Blur Y": 6.0, "Blur X": 48.0, "Type": "Edge", "Mode": "Divide"}, "Noise, Group": {"Opacity": 100.0, "Noise Amount": 2.0, "Opaque": 0, "brw": {"Bump": {"Opacity": 100.0, "Noise": 0.07, "Invert": 0, "Switch": 0, "Amount": 1.0, "Blur Y": 6.0, "Mode": "Overlay", "Type": "Noise", "Depth": 1.0, "Blur X": 48.0}, "Mod": {"Flip Horizontal": 0, "Saturation": 0.0, "Brightness": 0.0, "Invert": 0, "Flip Vertical": 0, "Switch": 0, "Blur, Group": {"Size Y": 0.0, "Size X": 0.0, "Switch": 0, "Percentile": 50.0, "Radius": 3, "Type": 0, "Alpha Percentile": 50.0, "Select": 0}, "Contrast": 0.0}}, "Speck Noise": 0.22, "Random Seed": 0.0, "Switch": 0, "Length": 4.0, "Mode": "Normal", "Radius": 10, "Type": "Ink"}}, "rw1": {"Color": {"Opacity": 100.0, "Switch": 0, "Color, 1": [0, 255, 0], "Mode": "LCH Color"}, "Inset": {"Offset Y": 0.0, "Offset X": 0.0, "Intensity": 400.0, "Switch": 1, "Mode": "Linear Burn", "Blur": 255.0, "Color, 1": [0, 0, 0]}}, "Switch": 1}, "Mod": {"Flip Horizontal": 0, "Saturation": -40.0, "Brightness": -10.0, "Invert": 0, "Flip Vertical": 0, "Switch": 1, "Blur, Group": {"Size Y": 0.0, "Size X": 0.0, "Switch": 0, "Percentile": 50.0, "Radius": 3, "Type": 0, "Alpha Percentile": 50.0, "Select": 0}, "Contrast": -39.0}}, "Image, Choice": {"Folder Order": 0, "Slice Order": 0, "Slice": 0, "Tab": 1.0, "Image Name": "", "Column": 1.0, "Random Seed": 0.0, "Layer Order": 0, "Switch": 0, "Layered": 0, "File": "", "Filter": "", "Auto-Crop": 0, "Folder": "", "Type": "Next", "Loop": 0, "Row": 1.0}, "Gradient Type": "Linear", "Color, 1": [0, 0, 0], "Gradient Angle": "Top-center to Bottom-center", "Type": "Plasma"}, "Model": {"Model List": {"Active": {"Four Corners.Canvas": {"Node": {"selected_row": 2}}, "Four Corners.Canvas.Shift": {"Width Mod": [0, 0.0], "Jitter X": [0, 0.0], "Jitter Y": [0, 0.0], "Jitter Height": [0, 0.0], "Jitter Width": [0, 0.0], "Offset Y": [0, 0.0], "Offset X": [0, 0.0], "Per": {}, "Random Seed": 0.0, "Switch": 0, "Height Mod": [0, 0.0]}, "Four Corners": {"Node": {"selected_row": 2}}, "Four Corners.Property": {"Font Size": 12.0, "Planner": {"Ratio": 0, "Name": 0, "Position": 0, "Margin": 1, "Image": 1, "Fringe": 0, "Caption": 0, "Grid": 0, "Cell Shape": 0, "Corner": 0, "Line": 0, "Border": 0, "Dimension": 0, "Plaque": 1}, "model type": null}, "Four Corners.Cell.Margin": {"Right": [0, 0.02], "Bottom": [0, 0.02], "Top": [0, 0.02], "Per": {}, "Switch": 0, "Left": [0, 0.02]}, "Four Corners.Cell.Image": {"Opacity": 100.0, "Angle": 0.0, "Obey Margin": 1, "brw": {"Add": {"Color": {"Opacity": 100.0, "Switch": 0, "Color, 1": [0, 255, 0], "Mode": "LCH Color"}, "rw1": {"Bump": {"Opacity": 100.0, "Noise": 0.07, "Invert": 0, "Switch": 0, "Amount": 1.0, "Blur Y": 6.0, "Mode": "Overlay", "Type": "Noise", "Depth": 1.0, "Blur X": 48.0}, "Noise, Group": {"Opacity": 100.0, "Noise Amount": 2.0, "Opaque": 0, "brw": {"Bump": {"Opacity": 100.0, "Noise": 0.07, "Invert": 0, "Switch": 0, "Amount": 1.0, "Blur Y": 6.0, "Mode": "Overlay", "Type": "Noise", "Depth": 1.0, "Blur X": 48.0}, "Mod": {"Flip Horizontal": 0, "Saturation": 0.0, "Brightness": 0.0, "Invert": 0, "Flip Vertical": 0, "Switch": 0, "Blur, Group": {"Size Y": 0.0, "Size X": 0.0, "Switch": 0, "Percentile": 50.0, "Radius": 3, "Type": 0, "Alpha Percentile": 50.0, "Select": 0}, "Contrast": 0.0}}, "Speck Noise": 0.22, "Random Seed": 0.0, "Switch": 0, "Length": 4.0, "Mode": "Normal", "Radius": 10, "Type": "Ink"}}, "Switch": 0, "brw": {"Below": {"Opacity": 100.0, "Opaque": 0, "Switch": 0, "Mode": "Normal", "Type": "Mask", "Mod": {"Flip Horizontal": 0, "Saturation": 0.0, "Brightness": 0.0, "Invert": 0, "Flip Vertical": 0, "Switch": 0, "Blur, Group": {"Size Y": 0.0, "Size X": 0.0, "Switch": 0, "Percentile": 50.0, "Radius": 3, "Type": 0, "Alpha Percentile": 50.0, "Select": 0}, "Contrast": 0.0}}, "Shadow": {"Inner Shadow": {"Offset Y": 0.0, "Offset X": 0.0, "Switch": 0, "Intensity": 0.0, "Mode": "Normal", "Blur": 15.0, "Color, 1": [0, 0, 0]}, "Switch, Shadow": {"Switch": 0}, "Shadow #1": {"Offset Y": 0.0, "Offset X": 0.0, "Switch": 0, "Intensity": 0.0, "Mode": "Normal", "Blur": 15.0, "Color, 1": [0, 0, 0]}, "Shadow #2": {"Offset Y": 0.0, "Offset X": 0.0, "Switch": 0, "Intensity": 0.0, "Mode": "Normal", "Blur": 15.0, "Color, 1": [0, 0, 0]}}}}, "Frame": {"Switch": 0, "Option List": {"Basic": {"brw": {"Wrap": {"Opacity": 100.0, "Width": 12.0, "Mode": "Normal", "Color, 1": [127, 127, 127], "Emboss": {"Depth": 1.0, "Pre-Blur": 0.0, "Switch": 0, "Mode": "Overlay", "Post Blur": 0.0, "Contrast": 0.0}, "Type": "Rounded"}, "Add": {"Color": {"Opacity": 100.0, "Switch": 0, "Color, 1": [0, 255, 0], "Mode": "LCH Color"}, "rw1": {"Bump": {"Opacity": 100.0, "Noise": 0.07, "Invert": 0, "Switch": 0, "Amount": 1.0, "Blur Y": 6.0, "Mode": "Overlay", "Type": "Noise", "Depth": 1.0, "Blur X": 48.0}, "Noise, Group": {"Opacity": 100.0, "Noise Amount": 2.0, "Opaque": 0, "brw": {"Bump": {"Opacity": 100.0, "Noise": 0.07, "Invert": 0, "Switch": 0, "Amount": 1.0, "Blur Y": 6.0, "Mode": "Overlay", "Type": "Noise", "Depth": 1.0, "Blur X": 48.0}, "Mod": {"Flip Horizontal": 0, "Saturation": 0.0, "Brightness": 0.0, "Invert": 0, "Flip Vertical": 0, "Switch": 0, "Blur, Group": {"Size Y": 0.0, "Size X": 0.0, "Switch": 0, "Percentile": 50.0, "Radius": 3, "Type": 0, "Alpha Percentile": 50.0, "Select": 0}, "Contrast": 0.0}}, "Speck Noise": 0.22, "Random Seed": 0.0, "Switch": 0, "Length": 4.0, "Mode": "Normal", "Radius": 10, "Type": "Ink"}}, "Switch": 0, "brw": {"Below": {"Opacity": 100.0, "Opaque": 0, "Switch": 0, "Mode": "Normal", "Type": "Mask", "Mod": {"Flip Horizontal": 0, "Saturation": 0.0, "Brightness": 0.0, "Invert": 0, "Flip Vertical": 0, "Switch": 0, "Blur, Group": {"Size Y": 0.0, "Size X": 0.0, "Switch": 0, "Percentile": 50.0, "Radius": 3, "Type": 0, "Alpha Percentile": 50.0, "Select": 0}, "Contrast": 0.0}}, "Shadow": {"Inner Shadow": {"Offset Y": 0.0, "Offset X": 0.0, "Intensity": 0.0, "Switch": 0, "Mode": "Normal", "Blur": 15.0, "Color, 1": [0, 0, 0]}, "Switch, Shadow": {"Switch": 0}, "Shadow #1": {"Offset Y": 0.0, "Offset X": 0.0, "Intensity": 0.0, "Switch": 0, "Mode": "Normal", "Blur": 15.0, "Color, 1": [0, 0, 0]}, "Shadow #2": {"Offset Y": 0.0, "Offset X": 0.0, "Intensity": 0.0, "Switch": 0, "Mode": "Normal", "Blur": 15.0, "Color, 1": [0, 0, 0]}}}}}}}}, "Mod": {"Flip Horizontal": 0, "Saturation": 0.0, "Brightness": 0.0, "Invert": 0, "Flip Vertical": 0, "Switch": 0, "Blur, Group": {"Size Y": 0.0, "Size X": 0.0, "Switch": 0, "Percentile": 50.0, "Radius": 3, "Type": 0, "Alpha Percentile": 50.0, "Select": 0}, "Contrast": 0.0}}, "Per": {"1,1": {"Opacity": 100.0, "Angle": 0.0, "Obey Margin": 1, "brw": {"Add": {"Color": {"Opacity": 100.0, "Switch": 0, "Color, 1": [0, 255, 0], "Mode": "LCH Color"}, "rw1": {"Bump": {"Opacity": 100.0, "Noise": 0.07, "Invert": 0, "Switch": 0, "Amount": 1.0, "Blur Y": 6.0, "Mode": "Overlay", "Type": "Noise", "Depth": 1.0, "Blur X": 48.0}, "Noise, Group": {"Opacity": 100.0, "Noise Amount": 2.0, "Opaque": 0, "brw": {"Bump": {"Opacity": 100.0, "Noise": 0.07, "Invert": 0, "Switch": 0, "Amount": 1.0, "Blur Y": 6.0, "Mode": "Overlay", "Type": "Noise", "Depth": 1.0, "Blur X": 48.0}, "Mod": {"Flip Horizontal": 0, "Saturation": 0.0, "Brightness": 0.0, "Invert": 0, "Flip Vertical": 0, "Switch": 0, "Blur, Group": {"Size Y": 0.0, "Size X": 0.0, "Switch": 0, "Percentile": 50.0, "Radius": 3, "Type": 0, "Alpha Percentile": 50.0, "Select": 0}, "Contrast": 0.0}}, "Speck Noise": 0.22, "Random Seed": 0.0, "Switch": 0, "Length": 4.0, "Mode": "Normal", "Radius": 10, "Type": "Ink"}}, "Switch": 0, "brw": {"Below": {"Opacity": 100.0, "Opaque": 0, "Switch": 0, "Mode": "Normal", "Type": "Mask", "Mod": {"Flip Horizontal": 0, "Saturation": 0.0, "Brightness": 0.0, "Invert": 0, "Flip Vertical": 0, "Switch": 0, "Blur, Group": {"Size Y": 0.0, "Size X": 0.0, "Switch": 0, "Percentile": 50.0, "Radius": 3, "Type": 0, "Alpha Percentile": 50.0, "Select": 0}, "Contrast": 0.0}}, "Shadow": {"Inner Shadow": {"Offset Y": 0.0, "Offset X": 0.0, "Switch": 0, "Intensity": 0.0, "Mode": "Normal", "Blur": 15.0, "Color, 1": [0, 0, 0]}, "Switch, Shadow": {"Switch": 0}, "Shadow #1": {"Offset Y": 0.0, "Offset X": 0.0, "Switch": 0, "Intensity": 0.0, "Mode": "Normal", "Blur": 15.0, "Color, 1": [0, 0, 0]}, "Shadow #2": {"Offset Y": 0.0, "Offset X": 0.0, "Switch": 0, "Intensity": 0.0, "Mode": "Normal", "Blur": 15.0, "Color, 1": [0, 0, 0]}}}}, "Frame": {"Switch": 1, "Option List": {"Basic": {"brw": {"Wrap": {"Opacity": 100.0, "Width": 2.0, "Mode": "Normal", "Color, 1": [127, 127, 127], "Emboss": {"Switch": 1, "Pre-Blur": 0.0, "Depth": 1.0, "Mode": "Overlay", "Post Blur": 0.0, "Contrast": 0.0}, "Type": "Rounded"}, "Add": {"Color": {"Opacity": 100.0, "Switch": 0, "Color, 1": [0, 255, 0], "Mode": "LCH Color"}, "rw1": {"Bump": {"Opacity": 100.0, "Noise": 0.07, "Invert": 0, "Switch": 0, "Amount": 1.0, "Blur Y": 6.0, "Mode": "Overlay", "Type": "Noise", "Depth": 1.0, "Blur X": 48.0}, "Noise, Group": {"Opacity": 100.0, "Noise Amount": 2.0, "Opaque": 0, "brw": {"Bump": {"Opacity": 100.0, "Noise": 0.07, "Invert": 0, "Switch": 0, "Amount": 1.0, "Blur Y": 6.0, "Mode": "Overlay", "Type": "Noise", "Depth": 1.0, "Blur X": 48.0}, "Mod": {"Flip Horizontal": 0, "Saturation": 0.0, "Brightness": 0.0, "Invert": 0, "Flip Vertical": 0, "Switch": 0, "Blur, Group": {"Size Y": 0.0, "Size X": 0.0, "Switch": 0, "Percentile": 50.0, "Radius": 3, "Type": 0, "Alpha Percentile": 50.0, "Select": 0}, "Contrast": 0.0}}, "Speck Noise": 0.22, "Random Seed": 0.0, "Switch": 0, "Length": 4.0, "Mode": "Normal", "Radius": 10, "Type": "Ink"}}, "Switch": 1, "brw": {"Below": {"Opacity": 100.0, "Opaque": 0, "Switch": 0, "Mode": "Normal", "Type": "Mask", "Mod": {"Flip Horizontal": 0, "Saturation": 0.0, "Brightness": 0.0, "Invert": 0, "Flip Vertical": 0, "Switch": 0, "Blur, Group": {"Size Y": 0.0, "Size X": 0.0, "Switch": 0, "Percentile": 50.0, "Radius": 3, "Type": 0, "Alpha Percentile": 50.0, "Select": 0}, "Contrast": 0.0}}, "Shadow": {"Inner Shadow": {"Offset Y": 0.0, "Offset X": 0.0, "Switch": 1, "Intensity": 75.0, "Mode": "Normal", "Blur": 7.0, "Color, 1": [0, 0, 0]}, "Shadow": {"Node": {"selected_row": 4}}, "Switch, Shadow": {"Switch": 1}, "Shadow #2": {"Offset Y": -3.0, "Offset X": 3.0, "Switch": 1, "Intensity": 50.0, "Mode": "Normal", "Blur": 15.0, "Color, 1": [0, 0, 0]}, "Shadow #1": {"Offset Y": 15.0, "Offset X": -15.0, "Switch": 1, "Intensity": 80.0, "Mode": "Normal", "Blur": 15.0, "Color, 1": [0, 0, 0]}}}}}}}}, "Mod": {"Flip Horizontal": 0, "Saturation": 0.0, "Brightness": 0.0, "Invert": 0, "Flip Vertical": 0, "Switch": 0, "Blur, Group": {"Size Y": 0.0, "Size X": 0.0, "Switch": 0, "Percentile": 50.0, "Radius": 3, "Type": 0, "Alpha Percentile": 50.0, "Select": 0}, "Contrast": 0.0}}, "Per": {}, "rw1": {"Image, Choice": {"Folder Order": 0, "Slice Order": 0, "Slice": 1, "Tab": 1.0, "Image Name": "[861] (imported)-3", "Column": 2.0, "Row": 2.0, "Random Seed": 0.0, "Layer Order": 0, "Switch": 1, "Layered": 0, "File": "", "Filter": "", "Auto-Crop": 0, "Folder": "", "Next": null, "Type": "Loop", "Loop": 0, "Previous": null}, "Mask": {"Angle": 0.0, "Vertical Scale": 1.0, "Corner Type": "Cut Corner", "Random Seed": 0.0, "rw1": {"Brush, Group": {"Opacity": 100.0, "Brush Size": 100.0, "Angle Jitter": 0.0, "Random Seed": 0.0, "Upscale": 0.0, "Brush": "C_Normal Brush 80", "Brush Spacing": 100.0, "Up Space": 0.0, "Brush Angle": 0.0, "Hardness": 1.0}, "Image, Choice": {"Folder Order": 0, "Slice Order": 0, "Slice": 0, "File": "", "Image Name": "", "Column": 1.0, "Random Seed": 0.0, "Layer Order": 0, "Switch": 0, "Layered": 0, "Tab": 1.0, "Filter": "", "Auto-Crop": 0, "Folder": "", "Type": "Next", "Loop": 0, "Row": 1.0}}, "Rectangle Type": "Rectangle", "Feather": 0.0, "Type": "Triangle", "Pupil Scale": 0.33, "Horizontal Scale": 1.0, "Amp": 3.0, "Invert": 0, "Parallelogram Scale": 0.5, "Smooth": 4.0, "Contract": 0.0, "Hexagon Type": "Hexagon", "Switch": 1, "Steps": 6.0, "Octagon Type": "Octagon", "Triangle Type": "Triangle, Left, Regular", "Text": "", "Gradient Angle": "Top-center to Bottom-center", "Gradient Type": "Linear", "Font": "Tahoma"}, "Resize": {"Trim": null, "Width, Fixed": 200.0, "Crop Offset Y": 0.0, "Height, Fixed": 200.0, "Cover": null, "Crop Offset X": 0.0, "Height": 1.0, "Width": 1.0, "Crop Width": 200.0, "Crop Height": 200.0, "Locked": null, "Type": "Filled", "Filled": null}}, "Switch": 1, "Mode": "Subtract", "Justify": "Center"}, "1,0": {"Opacity": 100.0, "Angle": 0.0, "Obey Margin": 1, "brw": {"Add": {"Color": {"Opacity": 100.0, "Switch": 0, "Color, 1": [0, 255, 0], "Mode": "LCH Color"}, "rw1": {"Bump": {"Opacity": 100.0, "Noise": 0.07, "Invert": 0, "Switch": 0, "Amount": 1.0, "Blur Y": 6.0, "Mode": "Overlay", "Type": "Noise", "Depth": 1.0, "Blur X": 48.0}, "Noise, Group": {"Opacity": 100.0, "Noise Amount": 2.0, "Opaque": 0, "brw": {"Bump": {"Opacity": 100.0, "Noise": 0.07, "Invert": 0, "Switch": 0, "Amount": 1.0, "Blur Y": 6.0, "Mode": "Overlay", "Type": "Noise", "Depth": 1.0, "Blur X": 48.0}, "Mod": {"Flip Horizontal": 0, "Saturation": 0.0, "Brightness": 0.0, "Invert": 0, "Flip Vertical": 0, "Switch": 0, "Blur, Group": {"Size Y": 0.0, "Size X": 0.0, "Switch": 0, "Percentile": 50.0, "Radius": 3, "Type": 0, "Alpha Percentile": 50.0, "Select": 0}, "Contrast": 0.0}}, "Speck Noise": 0.22, "Random Seed": 0.0, "Switch": 0, "Length": 4.0, "Mode": "Normal", "Radius": 10, "Type": "Ink"}}, "Switch": 0, "brw": {"Below": {"Opacity": 100.0, "Opaque": 0, "Switch": 0, "Mode": "Normal", "Type": "Mask", "Mod": {"Flip Horizontal": 0, "Saturation": 0.0, "Brightness": 0.0, "Invert": 0, "Flip Vertical": 0, "Switch": 0, "Blur, Group": {"Size Y": 0.0, "Size X": 0.0, "Switch": 0, "Percentile": 50.0, "Radius": 3, "Type": 0, "Alpha Percentile": 50.0, "Select": 0}, "Contrast": 0.0}}, "Shadow": {"Inner Shadow": {"Offset Y": 0.0, "Offset X": 0.0, "Intensity": 0.0, "Switch": 0, "Mode": "Normal", "Blur": 15.0, "Color, 1": [0, 0, 0]}, "Switch, Shadow": {"Switch": 0}, "Shadow #1": {"Offset Y": 0.0, "Offset X": 0.0, "Intensity": 0.0, "Switch": 0, "Mode": "Normal", "Blur": 15.0, "Color, 1": [0, 0, 0]}, "Shadow #2": {"Offset Y": 0.0, "Offset X": 0.0, "Intensity": 0.0, "Switch": 0, "Mode": "Normal", "Blur": 15.0, "Color, 1": [0, 0, 0]}}}}, "Frame": {"Switch": 1, "Option List": {"Basic": {"brw": {"Wrap": {"Opacity": 100.0, "Width": 2.0, "Mode": "Normal", "Color, 1": [127, 127, 127], "Emboss": {"Switch": 1, "Pre-Blur": 0.0, "Depth": 1.0, "Mode": "Overlay", "Post Blur": 0.0, "Contrast": 0.0}, "Type": "Rounded"}, "Add": {"Color": {"Opacity": 100.0, "Switch": 0, "Color, 1": [0, 255, 0], "Mode": "LCH Color"}, "rw1": {"Bump": {"Opacity": 100.0, "Noise": 0.07, "Invert": 0, "Switch": 0, "Amount": 1.0, "Blur Y": 6.0, "Mode": "Overlay", "Type": "Noise", "Depth": 1.0, "Blur X": 48.0}, "Noise, Group": {"Opacity": 100.0, "Noise Amount": 2.0, "Opaque": 0, "brw": {"Bump": {"Opacity": 100.0, "Noise": 0.07, "Invert": 0, "Switch": 0, "Amount": 1.0, "Blur Y": 6.0, "Mode": "Overlay", "Type": "Noise", "Depth": 1.0, "Blur X": 48.0}, "Mod": {"Flip Horizontal": 0, "Saturation": 0.0, "Brightness": 0.0, "Invert": 0, "Flip Vertical": 0, "Switch": 0, "Blur, Group": {"Size Y": 0.0, "Size X": 0.0, "Switch": 0, "Percentile": 50.0, "Radius": 3, "Type": 0, "Alpha Percentile": 50.0, "Select": 0}, "Contrast": 0.0}}, "Speck Noise": 0.22, "Random Seed": 0.0, "Switch": 0, "Length": 4.0, "Mode": "Normal", "Radius": 10, "Type": "Ink"}}, "Switch": 1, "brw": {"Below": {"Opacity": 100.0, "Opaque": 0, "Switch": 0, "Mode": "Normal", "Type": "Mask", "Mod": {"Flip Horizontal": 0, "Saturation": 0.0, "Brightness": 0.0, "Invert": 0, "Flip Vertical": 0, "Switch": 0, "Blur, Group": {"Size Y": 0.0, "Size X": 0.0, "Switch": 0, "Percentile": 50.0, "Radius": 3, "Type": 0, "Alpha Percentile": 50.0, "Select": 0}, "Contrast": 0.0}}, "Shadow": {"Inner Shadow": {"Offset Y": 0.0, "Offset X": 0.0, "Switch": 1, "Intensity": 75.0, "Mode": "Normal", "Blur": 7.0, "Color, 1": [0, 0, 0]}, "Shadow": {"Node": {"selected_row": 4}}, "Switch, Shadow": {"Switch": 1}, "Shadow #2": {"Offset Y": -3.0, "Offset X": 3.0, "Switch": 1, "Intensity": 50.0, "Mode": "Normal", "Blur": 15.0, "Color, 1": [0, 0, 0]}, "Shadow #1": {"Offset Y": 15.0, "Offset X": -15.0, "Switch": 1, "Intensity": 80.0, "Mode": "Normal", "Blur": 15.0, "Color, 1": [0, 0, 0]}}}}}}}}, "Mod": {"Flip Horizontal": 0, "Saturation": 0.0, "Brightness": 0.0, "Invert": 0, "Flip Vertical": 0, "Switch": 0, "Blur, Group": {"Size Y": 0.0, "Size X": 0.0, "Switch": 0, "Percentile": 50.0, "Radius": 3, "Type": 0, "Alpha Percentile": 50.0, "Select": 0}, "Contrast": 0.0}}, "Per": {}, "rw1": {"Image, Choice": {"Folder Order": 0, "Slice Order": 0, "Slice": 1, "File": "", "Image Name": "[861] (imported)-3", "Column": 2.0, "Previous": null, "Random Seed": 0.0, "Layer Order": 0, "Switch": 1, "Layered": 0, "Tab": 1.0, "Filter": "", "Auto-Crop": 0, "Folder": "", "Next": null, "Type": "Loop", "Loop": 0, "Row": 2.0}, "Mask": {"Angle": 0.0, "Vertical Scale": 1.0, "Corner Type": "Cut Corner", "Random Seed": 0.0, "rw1": {"Brush, Group": {"Opacity": 100.0, "Brush Size": 100.0, "Angle Jitter": 0.0, "Random Seed": 0.0, "Upscale": 0.0, "Brush": "C_Normal Brush 80", "Brush Spacing": 100.0, "Up Space": 0.0, "Brush Angle": 0.0, "Hardness": 1.0}, "Image, Choice": {"Folder Order": 0, "Slice Order": 0, "Slice": 0, "Tab": 1.0, "Image Name": "", "Column": 1.0, "Random Seed": 0.0, "Layer Order": 0, "Switch": 0, "Layered": 0, "File": "", "Filter": "", "Auto-Crop": 0, "Folder": "", "Type": "Next", "Loop": 0, "Row": 1.0}}, "Rectangle Type": "Rectangle", "Feather": 0.0, "Type": "Triangle", "Pupil Scale": 0.33, "Horizontal Scale": 1.0, "Amp": 3.0, "Invert": 0, "Parallelogram Scale": 0.5, "Smooth": 4.0, "Contract": 0.0, "Hexagon Type": "Hexagon", "Switch": 1, "Steps": 6.0, "Octagon Type": "Octagon", "Triangle Type": "Triangle, Up, Regular", "Text": "", "Gradient Angle": "Top-center to Bottom-center", "Gradient Type": "Linear", "Font": "Tahoma"}, "Resize": {"Trim": null, "Width, Fixed": 200.0, "Crop Offset Y": 0.0, "Height, Fixed": 200.0, "Crop Height": 200.0, "Cover": null, "Crop Offset X": 0.0, "Height": 1.0, "Width": 1.0, "Crop Width": 200.0, "Locked": null, "Type": "Filled", "Filled": null}}, "Switch": 1, "Mode": "Subtract", "Justify": "Center"}, "0,1": {"Opacity": 100.0, "Angle": 0.0, "Obey Margin": 1, "brw": {"Add": {"Color": {"Opacity": 100.0, "Switch": 0, "Color, 1": [0, 255, 0], "Mode": "LCH Color"}, "rw1": {"Bump": {"Opacity": 100.0, "Noise": 0.07, "Invert": 0, "Switch": 0, "Amount": 1.0, "Blur Y": 6.0, "Mode": "Overlay", "Type": "Noise", "Depth": 1.0, "Blur X": 48.0}, "Noise, Group": {"Opacity": 100.0, "Noise Amount": 2.0, "Opaque": 0, "brw": {"Bump": {"Opacity": 100.0, "Noise": 0.07, "Invert": 0, "Switch": 0, "Amount": 1.0, "Blur Y": 6.0, "Mode": "Overlay", "Type": "Noise", "Depth": 1.0, "Blur X": 48.0}, "Mod": {"Flip Horizontal": 0, "Saturation": 0.0, "Brightness": 0.0, "Invert": 0, "Flip Vertical": 0, "Switch": 0, "Blur, Group": {"Size Y": 0.0, "Size X": 0.0, "Switch": 0, "Percentile": 50.0, "Radius": 3, "Type": 0, "Alpha Percentile": 50.0, "Select": 0}, "Contrast": 0.0}}, "Speck Noise": 0.22, "Random Seed": 0.0, "Switch": 0, "Length": 4.0, "Mode": "Normal", "Radius": 10, "Type": "Ink"}}, "Switch": 0, "brw": {"Below": {"Opacity": 100.0, "Opaque": 0, "Switch": 0, "Mode": "Normal", "Type": "Mask", "Mod": {"Flip Horizontal": 0, "Saturation": 0.0, "Brightness": 0.0, "Invert": 0, "Flip Vertical": 0, "Switch": 0, "Blur, Group": {"Size Y": 0.0, "Size X": 0.0, "Switch": 0, "Percentile": 50.0, "Radius": 3, "Type": 0, "Alpha Percentile": 50.0, "Select": 0}, "Contrast": 0.0}}, "Shadow": {"Inner Shadow": {"Offset Y": 0.0, "Offset X": 0.0, "Switch": 0, "Intensity": 0.0, "Mode": "Normal", "Blur": 15.0, "Color, 1": [0, 0, 0]}, "Switch, Shadow": {"Switch": 0}, "Shadow #1": {"Offset Y": 0.0, "Offset X": 0.0, "Switch": 0, "Intensity": 0.0, "Mode": "Normal", "Blur": 15.0, "Color, 1": [0, 0, 0]}, "Shadow #2": {"Offset Y": 0.0, "Offset X": 0.0, "Switch": 0, "Intensity": 0.0, "Mode": "Normal", "Blur": 15.0, "Color, 1": [0, 0, 0]}}}}, "Frame": {"Switch": 1, "Option List": {"Basic": {"brw": {"Wrap": {"Opacity": 100.0, "Width": 2.0, "Mode": "Normal", "Color, 1": [127, 127, 127], "Emboss": {"Switch": 1, "Pre-Blur": 0.0, "Depth": 1.0, "Mode": "Overlay", "Post Blur": 0.0, "Contrast": 0.0}, "Type": "Rounded"}, "Add": {"Color": {"Opacity": 100.0, "Switch": 0, "Color, 1": [0, 255, 0], "Mode": "LCH Color"}, "rw1": {"Bump": {"Opacity": 100.0, "Noise": 0.07, "Invert": 0, "Switch": 0, "Amount": 1.0, "Blur Y": 6.0, "Mode": "Overlay", "Type": "Noise", "Depth": 1.0, "Blur X": 48.0}, "Noise, Group": {"Opacity": 100.0, "Noise Amount": 2.0, "Opaque": 0, "brw": {"Bump": {"Opacity": 100.0, "Noise": 0.07, "Invert": 0, "Switch": 0, "Amount": 1.0, "Blur Y": 6.0, "Mode": "Overlay", "Type": "Noise", "Depth": 1.0, "Blur X": 48.0}, "Mod": {"Flip Horizontal": 0, "Saturation": 0.0, "Brightness": 0.0, "Invert": 0, "Flip Vertical": 0, "Switch": 0, "Blur, Group": {"Size Y": 0.0, "Size X": 0.0, "Switch": 0, "Percentile": 50.0, "Radius": 3, "Type": 0, "Alpha Percentile": 50.0, "Select": 0}, "Contrast": 0.0}}, "Speck Noise": 0.22, "Random Seed": 0.0, "Switch": 0, "Length": 4.0, "Mode": "Normal", "Radius": 10, "Type": "Ink"}}, "Switch": 1, "brw": {"Below": {"Opacity": 100.0, "Opaque": 0, "Switch": 0, "Mode": "Normal", "Type": "Mask", "Mod": {"Flip Horizontal": 0, "Saturation": 0.0, "Brightness": 0.0, "Invert": 0, "Flip Vertical": 0, "Switch": 0, "Blur, Group": {"Size Y": 0.0, "Size X": 0.0, "Switch": 0, "Percentile": 50.0, "Radius": 3, "Type": 0, "Alpha Percentile": 50.0, "Select": 0}, "Contrast": 0.0}}, "Shadow": {"Inner Shadow": {"Offset Y": 0.0, "Offset X": 0.0, "Switch": 1, "Intensity": 75.0, "Mode": "Normal", "Blur": 7.0, "Color, 1": [0, 0, 0]}, "Shadow": {"Node": {"selected_row": 4}}, "Switch, Shadow": {"Switch": 1}, "Shadow #2": {"Offset Y": -3.0, "Offset X": 3.0, "Switch": 1, "Intensity": 50.0, "Mode": "Normal", "Blur": 15.0, "Color, 1": [0, 0, 0]}, "Shadow #1": {"Offset Y": 15.0, "Offset X": -15.0, "Switch": 1, "Intensity": 80.0, "Mode": "Normal", "Blur": 15.0, "Color, 1": [0, 0, 0]}}}}}}}}, "Mod": {"Flip Horizontal": 0, "Saturation": 0.0, "Brightness": 0.0, "Invert": 0, "Flip Vertical": 0, "Switch": 0, "Blur, Group": {"Size Y": 0.0, "Size X": 0.0, "Switch": 0, "Percentile": 50.0, "Radius": 3, "Type": 0, "Alpha Percentile": 50.0, "Select": 0}, "Contrast": 0.0}}, "Per": {}, "rw1": {"Image, Choice": {"Folder Order": 0, "Slice Order": 0, "Slice": 1, "Tab": 1.0, "Image Name": "[861] (imported)-3", "Column": 2.0, "Row": 2.0, "Random Seed": 0.0, "Layer Order": 0, "Switch": 1, "Layered": 0, "File": "", "Filter": "", "Auto-Crop": 0, "Folder": "", "Next": null, "Type": "Loop", "Loop": 0, "Previous": null}, "Mask": {"Angle": 0.0, "Vertical Scale": 1.0, "Corner Type": "Cut Corner", "Random Seed": 0.0, "rw1": {"Brush, Group": {"Opacity": 100.0, "Brush Size": 100.0, "Angle Jitter": 0.0, "Random Seed": 0.0, "Upscale": 0.0, "Brush": "C_Normal Brush 80", "Brush Spacing": 100.0, "Up Space": 0.0, "Brush Angle": 0.0, "Hardness": 1.0}, "Image, Choice": {"Folder Order": 0, "Slice Order": 0, "Slice": 0, "File": "", "Image Name": "", "Column": 1.0, "Random Seed": 0.0, "Layer Order": 0, "Switch": 0, "Layered": 0, "Tab": 1.0, "Filter": "", "Auto-Crop": 0, "Folder": "", "Type": "Next", "Loop": 0, "Row": 1.0}}, "Rectangle Type": "Rectangle", "Feather": 0.0, "Type": "Triangle", "Pupil Scale": 0.33, "Horizontal Scale": 1.0, "Amp": 3.0, "Invert": 0, "Parallelogram Scale": 0.5, "Smooth": 4.0, "Contract": 0.0, "Hexagon Type": "Hexagon", "Switch": 1, "Steps": 6.0, "Octagon Type": "Octagon", "Triangle Type": "Triangle, Down, Regular", "Text": "", "Gradient Angle": "Top-center to Bottom-center", "Gradient Type": "Linear", "Font": "Tahoma"}, "Resize": {"Trim": null, "Width, Fixed": 200.0, "Crop Offset Y": 0.0, "Height, Fixed": 200.0, "Cover": null, "Crop Offset X": 0.0, "Height": 1.0, "Width": 1.0, "Crop Width": 200.0, "Crop Height": 200.0, "Locked": null, "Type": "Filled", "Filled": null}}, "Switch": 1, "Mode": "Subtract", "Justify": "Center"}, "0,0": {"Opacity": 100.0, "Angle": 0.0, "Obey Margin": 1, "brw": {"Add": {"Color": {"Opacity": 100.0, "Switch": 0, "Color, 1": [0, 255, 0], "Mode": "LCH Color"}, "rw1": {"Bump": {"Opacity": 100.0, "Noise": 0.07, "Invert": 0, "Switch": 0, "Amount": 1.0, "Blur Y": 6.0, "Mode": "Overlay", "Type": "Noise", "Depth": 1.0, "Blur X": 48.0}, "Noise, Group": {"Opacity": 100.0, "Noise Amount": 2.0, "Opaque": 0, "brw": {"Bump": {"Opacity": 100.0, "Noise": 0.07, "Invert": 0, "Switch": 0, "Amount": 1.0, "Blur Y": 6.0, "Mode": "Overlay", "Type": "Noise", "Depth": 1.0, "Blur X": 48.0}, "Mod": {"Flip Horizontal": 0, "Saturation": 0.0, "Brightness": 0.0, "Invert": 0, "Flip Vertical": 0, "Switch": 0, "Blur, Group": {"Size Y": 0.0, "Size X": 0.0, "Switch": 0, "Percentile": 50.0, "Radius": 3, "Type": 0, "Alpha Percentile": 50.0, "Select": 0}, "Contrast": 0.0}}, "Speck Noise": 0.22, "Random Seed": 0.0, "Switch": 0, "Length": 4.0, "Mode": "Normal", "Radius": 10, "Type": "Ink"}}, "Switch": 0, "brw": {"Below": {"Opacity": 100.0, "Opaque": 0, "Switch": 0, "Mode": "Normal", "Type": "Mask", "Mod": {"Flip Horizontal": 0, "Saturation": 0.0, "Brightness": 0.0, "Invert": 0, "Flip Vertical": 0, "Switch": 0, "Blur, Group": {"Size Y": 0.0, "Size X": 0.0, "Switch": 0, "Percentile": 50.0, "Radius": 3, "Type": 0, "Alpha Percentile": 50.0, "Select": 0}, "Contrast": 0.0}}, "Shadow": {"Inner Shadow": {"Offset Y": 0.0, "Offset X": 0.0, "Intensity": 0.0, "Switch": 0, "Mode": "Normal", "Blur": 15.0, "Color, 1": [0, 0, 0]}, "Switch, Shadow": {"Switch": 0}, "Shadow #1": {"Offset Y": 0.0, "Offset X": 0.0, "Intensity": 0.0, "Switch": 0, "Mode": "Normal", "Blur": 15.0, "Color, 1": [0, 0, 0]}, "Shadow #2": {"Offset Y": 0.0, "Offset X": 0.0, "Intensity": 0.0, "Switch": 0, "Mode": "Normal", "Blur": 15.0, "Color, 1": [0, 0, 0]}}}}, "Frame": {"Switch": 1, "Option List": {"Basic": {"brw": {"Wrap": {"Opacity": 100.0, "Width": 2.0, "Mode": "Normal", "Color, 1": [127, 127, 127], "Emboss": {"Switch": 1, "Pre-Blur": 0.0, "Depth": 1.0, "Mode": "Overlay", "Post Blur": 0.0, "Contrast": 0.0}, "Type": "Rounded"}, "Add": {"Color": {"Opacity": 100.0, "Switch": 0, "Color, 1": [0, 255, 0], "Mode": "LCH Color"}, "rw1": {"Bump": {"Opacity": 100.0, "Noise": 0.07, "Invert": 0, "Switch": 0, "Amount": 1.0, "Blur Y": 6.0, "Mode": "Overlay", "Type": "Noise", "Depth": 1.0, "Blur X": 48.0}, "Noise, Group": {"Opacity": 100.0, "Noise Amount": 2.0, "Opaque": 0, "brw": {"Bump": {"Opacity": 100.0, "Noise": 0.07, "Invert": 0, "Switch": 0, "Amount": 1.0, "Blur Y": 6.0, "Mode": "Overlay", "Type": "Noise", "Depth": 1.0, "Blur X": 48.0}, "Mod": {"Flip Horizontal": 0, "Saturation": 0.0, "Brightness": 0.0, "Invert": 0, "Flip Vertical": 0, "Switch": 0, "Blur, Group": {"Size Y": 0.0, "Size X": 0.0, "Switch": 0, "Percentile": 50.0, "Radius": 3, "Type": 0, "Alpha Percentile": 50.0, "Select": 0}, "Contrast": 0.0}}, "Speck Noise": 0.22, "Random Seed": 0.0, "Switch": 0, "Length": 4.0, "Mode": "Normal", "Radius": 10, "Type": "Ink"}}, "Switch": 1, "brw": {"Below": {"Opacity": 100.0, "Opaque": 0, "Switch": 0, "Mode": "Normal", "Type": "Mask", "Mod": {"Flip Horizontal": 0, "Saturation": 0.0, "Brightness": 0.0, "Invert": 0, "Flip Vertical": 0, "Switch": 0, "Blur, Group": {"Size Y": 0.0, "Size X": 0.0, "Switch": 0, "Percentile": 50.0, "Radius": 3, "Type": 0, "Alpha Percentile": 50.0, "Select": 0}, "Contrast": 0.0}}, "Shadow": {"Inner Shadow": {"Offset Y": 0.0, "Offset X": 0.0, "Switch": 1, "Intensity": 75.0, "Mode": "Normal", "Blur": 7.0, "Color, 1": [0, 0, 0]}, "Shadow": {"Node": {"selected_row": 4}}, "Switch, Shadow": {"Switch": 1}, "Shadow #2": {"Offset Y": -3.0, "Offset X": 3.0, "Switch": 1, "Intensity": 50.0, "Mode": "Normal", "Blur": 15.0, "Color, 1": [0, 0, 0]}, "Shadow #1": {"Offset Y": 15.0, "Offset X": -15.0, "Switch": 1, "Intensity": 80.0, "Mode": "Normal", "Blur": 15.0, "Color, 1": [0, 0, 0]}}}}}}}}, "Mod": {"Flip Horizontal": 0, "Saturation": 0.0, "Brightness": 0.0, "Invert": 0, "Flip Vertical": 0, "Switch": 0, "Blur, Group": {"Size Y": 0.0, "Size X": 0.0, "Switch": 0, "Percentile": 50.0, "Radius": 3, "Type": 0, "Alpha Percentile": 50.0, "Select": 0}, "Contrast": 0.0}}, "Per": {}, "rw1": {"Image, Choice": {"Folder Order": 0, "Slice Order": 0, "Slice": 1, "File": "", "Image Name": "[861] (imported)-3", "Column": 2.0, "Previous": null, "Random Seed": 0.0, "Layer Order": 0, "Switch": 1, "Layered": 0, "Tab": 1.0, "Filter": "", "Auto-Crop": 0, "Folder": "", "Next": null, "Type": "Loop", "Loop": 0, "Row": 2.0}, "Mask": {"Angle": 0.0, "Vertical Scale": 1.0, "Corner Type": "Cut Corner", "Random Seed": 0.0, "rw1": {"Brush, Group": {"Opacity": 100.0, "Brush Size": 100.0, "Angle Jitter": 0.0, "Random Seed": 0.0, "Upscale": 0.0, "Brush": "C_Normal Brush 80", "Brush Spacing": 100.0, "Up Space": 0.0, "Brush Angle": 0.0, "Hardness": 1.0}, "Image, Choice": {"Folder Order": 0, "Slice Order": 0, "Slice": 0, "Tab": 1.0, "Image Name": "", "Column": 1.0, "Random Seed": 0.0, "Layer Order": 0, "Switch": 0, "Layered": 0, "File": "", "Filter": "", "Auto-Crop": 0, "Folder": "", "Type": "Next", "Loop": 0, "Row": 1.0}}, "Rectangle Type": "Rectangle", "Feather": 0.0, "Type": "Triangle", "Pupil Scale": 0.33, "Horizontal Scale": 1.0, "Amp": 3.0, "Invert": 0, "Parallelogram Scale": 0.5, "Smooth": 4.0, "Contract": 0.0, "Hexagon Type": "Hexagon", "Switch": 1, "Steps": 6.0, "Octagon Type": "Octagon", "Triangle Type": "Triangle, Right, Regular", "Text": "", "Gradient Angle": "Top-center to Bottom-center", "Gradient Type": "Linear", "Font": "Tahoma"}, "Resize": {"Trim": null, "Width, Fixed": 200.0, "Crop Offset Y": 0.0, "Height, Fixed": 200.0, "Crop Height": 200.0, "Cover": null, "Crop Offset X": 0.0, "Height": 1.0, "Width": 1.0, "Crop Width": 200.0, "Locked": null, "Type": "Filled", "Filled": null}}, "Switch": 1, "Mode": "Subtract", "Justify": "Center"}}, "rw1": {"Image, Choice": {"Folder Order": 0, "Slice Order": 0, "Slice": 1, "Tab": 1.0, "Image Name": "[861] (imported)-3", "Column": 2.0, "Row": 2.0, "Random Seed": 0.0, "Layer Order": 0, "Switch": 1, "Layered": 0, "File": "", "Filter": "", "Auto-Crop": 0, "Folder": "", "Next": null, "Type": "Loop", "Loop": 0, "Previous": null}, "Mask": {"Angle": 0.0, "Vertical Scale": 1.0, "Corner Type": "Cut Corner", "Random Seed": 0.0, "rw1": {"Brush, Group": {"Opacity": 100.0, "Brush Size": 100.0, "Angle Jitter": 0.0, "Random Seed": 0.0, "Upscale": 0.0, "Brush": "C_Normal Brush 80", "Brush Spacing": 100.0, "Up Space": 0.0, "Brush Angle": 0.0, "Hardness": 1.0}, "Image, Choice": {"Folder Order": 0, "Slice Order": 0, "Slice": 0, "File": "", "Image Name": "", "Column": 1.0, "Random Seed": 0.0, "Layer Order": 0, "Switch": 0, "Layered": 0, "Tab": 1.0, "Filter": "", "Auto-Crop": 0, "Folder": "", "Type": "Next", "Loop": 0, "Row": 1.0}}, "Rectangle Type": "Rectangle", "Feather": 0.0, "Type": "Triangle", "Pupil Scale": 0.33, "Horizontal Scale": 1.0, "Amp": 3.0, "Invert": 0, "Parallelogram Scale": 0.5, "Smooth": 4.0, "Contract": 0.0, "Hexagon Type": "Hexagon", "Switch": 1, "Steps": 6.0, "Octagon Type": "Octagon", "Triangle Type": "Triangle, Up, Regular", "Text": "", "Gradient Angle": "Top-center to Bottom-center", "Gradient Type": "Linear", "Font": "Tahoma"}, "Resize": {"Trim": null, "Width, Fixed": 200.0, "Crop Offset Y": 0.0, "Height, Fixed": 200.0, "Cover": null, "Crop Offset X": 0.0, "Height": 1.0, "Width": 1.0, "Crop Width": 200.0, "Crop Height": 200.0, "Locked": null, "Type": "Filled", "Filled": null}}, "Switch": 0, "Mode": "Burn", "Justify": "Center"}, "Four Corners.Canvas.Plaque": {"Opacity": 5.0, "Obey Margin": 0, "Gradient": "Default", "Pattern": "Pine", "Per": {}, "Random Seed": 0.0, "rw1": {"Image, Choice": {"Folder Order": 0, "Slice Order": 0, "Slice": 0, "File": "", "Image Name": "", "Column": 1.0, "Random Seed": 0.0, "Layer Order": 0, "Switch": 0, "Layered": 0, "Tab": 1.0, "Filter": "", "Auto-Crop": 0, "Folder": "", "Type": "Next", "Loop": 0, "Row": 1.0}, "Mask": {"Angle": 0.0, "Vertical Scale": 1.0, "Corner Type": "Cut Corner", "Random Seed": 0.0, "rw1": {"Brush, Group": {"Opacity": 100.0, "Brush Size": 100.0, "Angle Jitter": 0.0, "Random Seed": 0.0, "Upscale": 0.0, "Brush": "C_Normal Brush 80", "Brush Spacing": 100.0, "Up Space": 0.0, "Brush Angle": 0.0, "Hardness": 1.0}, "Image, Choice": {"Folder Order": 0, "Slice Order": 0, "Slice": 0, "File": "", "Image Name": "", "Column": 1.0, "Random Seed": 0.0, "Layer Order": 0, "Switch": 0, "Layered": 0, "Tab": 1.0, "Filter": "", "Auto-Crop": 0, "Folder": "", "Type": "Next", "Loop": 0, "Row": 1.0}}, "Rectangle Type": "Rectangle", "Feather": 0.0, "Type": "Circle", "Pupil Scale": 0.33, "Horizontal Scale": 1.0, "Amp": 3.0, "Invert": 0, "Parallelogram Scale": 0.5, "Smooth": 4.0, "Contract": 0.0, "Hexagon Type": "Hexagon", "Switch": 0, "Steps": 6.0, "Octagon Type": "Octagon", "Triangle Type": "Triangle, Up, Regular", "Text": "", "Gradient Angle": "Top-center to Bottom-center", "Gradient Type": "Linear", "Font": "Tahoma"}}, "Switch": 1, "Grid": {"Line Height": 4.0, "Width": 30, "Line Width": 4.0, "Height": 30}, "Mode": "Grain Extract", "Color, 1": [255, 255, 255], "Gradient Angle": "Top-center to Bottom-center", "Type": "Plasma", "brw": {"Add": {"Color": {"Opacity": 100.0, "Switch": 0, "Color, 1": [0, 255, 0], "Mode": "LCH Color"}, "rw1": {"Bump": {"Opacity": 20.0, "Noise": 0.07, "Invert": 1, "Switch": 1, "Amount": 1.0, "Depth": 1.0, "Blur Y": 6.0, "Blur X": 48.0, "Type": "Edge", "Mode": "Burn"}, "Noise, Group": {"Opacity": 100.0, "Noise Amount": 2.0, "Opaque": 0, "brw": {"Bump": {"Opacity": 100.0, "Noise": 0.07, "Invert": 0, "Switch": 0, "Amount": 1.0, "Blur Y": 6.0, "Mode": "Overlay", "Type": "Noise", "Depth": 1.0, "Blur X": 48.0}, "Mod": {"Flip Horizontal": 0, "Saturation": 0.0, "Brightness": 0.0, "Invert": 0, "Flip Vertical": 0, "Switch": 0, "Blur, Group": {"Size Y": 0.0, "Size X": 0.0, "Switch": 0, "Percentile": 50.0, "Radius": 3, "Type": 0, "Alpha Percentile": 50.0, "Select": 0}, "Contrast": 0.0}}, "Speck Noise": 0.22, "Random Seed": 0.0, "Switch": 0, "Length": 4.0, "Mode": "Normal", "Radius": 10, "Type": "Ink"}}, "Switch": 1, "brw": {"Below": {"Opacity": 100.0, "Opaque": 0, "Switch": 0, "Mode": "Normal", "Type": "Mask", "Mod": {"Flip Horizontal": 0, "Saturation": 0.0, "Brightness": 0.0, "Invert": 0, "Flip Vertical": 0, "Switch": 0, "Blur, Group": {"Size Y": 0.0, "Size X": 0.0, "Switch": 0, "Percentile": 50.0, "Radius": 3, "Type": 0, "Alpha Percentile": 50.0, "Select": 0}, "Contrast": 0.0}}, "Shadow": {"Inner Shadow": {"Offset Y": 0.0, "Offset X": 0.0, "Switch": 0, "Intensity": 0.0, "Mode": "Normal", "Blur": 15.0, "Color, 1": [0, 0, 0]}, "Switch, Shadow": {"Switch": 0}, "Shadow #1": {"Offset Y": 0.0, "Offset X": 0.0, "Switch": 0, "Intensity": 0.0, "Mode": "Normal", "Blur": 15.0, "Color, 1": [0, 0, 0]}, "Shadow #2": {"Offset Y": 0.0, "Offset X": 0.0, "Switch": 0, "Intensity": 0.0, "Mode": "Normal", "Blur": 15.0, "Color, 1": [0, 0, 0]}}}}, "Frame": {"Switch": 0, "Option List": {"Basic": {"brw": {"Wrap": {"Opacity": 100.0, "Width": 12.0, "Mode": "Normal", "Color, 1": [127, 127, 127], "Emboss": {"Depth": 1.0, "Pre-Blur": 0.0, "Switch": 0, "Mode": "Overlay", "Post Blur": 0.0, "Contrast": 0.0}, "Type": "Rounded"}, "Add": {"Color": {"Opacity": 100.0, "Switch": 0, "Color, 1": [0, 255, 0], "Mode": "LCH Color"}, "rw1": {"Bump": {"Opacity": 100.0, "Noise": 0.07, "Invert": 0, "Switch": 0, "Amount": 1.0, "Blur Y": 6.0, "Mode": "Overlay", "Type": "Noise", "Depth": 1.0, "Blur X": 48.0}, "Noise, Group": {"Opacity": 100.0, "Noise Amount": 2.0, "Opaque": 0, "brw": {"Bump": {"Opacity": 100.0, "Noise": 0.07, "Invert": 0, "Switch": 0, "Amount": 1.0, "Blur Y": 6.0, "Mode": "Overlay", "Type": "Noise", "Depth": 1.0, "Blur X": 48.0}, "Mod": {"Flip Horizontal": 0, "Saturation": 0.0, "Brightness": 0.0, "Invert": 0, "Flip Vertical": 0, "Switch": 0, "Blur, Group": {"Size Y": 0.0, "Size X": 0.0, "Switch": 0, "Percentile": 50.0, "Radius": 3, "Type": 0, "Alpha Percentile": 50.0, "Select": 0}, "Contrast": 0.0}}, "Speck Noise": 0.22, "Random Seed": 0.0, "Switch": 0, "Length": 4.0, "Mode": "Normal", "Radius": 10, "Type": "Ink"}}, "Switch": 0, "brw": {"Below": {"Opacity": 100.0, "Opaque": 0, "Switch": 0, "Mode": "Normal", "Type": "Mask", "Mod": {"Flip Horizontal": 0, "Saturation": 0.0, "Brightness": 0.0, "Invert": 0, "Flip Vertical": 0, "Switch": 0, "Blur, Group": {"Size Y": 0.0, "Size X": 0.0, "Switch": 0, "Percentile": 50.0, "Radius": 3, "Type": 0, "Alpha Percentile": 50.0, "Select": 0}, "Contrast": 0.0}}, "Shadow": {"Inner Shadow": {"Offset Y": 0.0, "Offset X": 0.0, "Intensity": 0.0, "Switch": 0, "Mode": "Normal", "Blur": 15.0, "Color, 1": [0, 0, 0]}, "Switch, Shadow": {"Switch": 0}, "Shadow #1": {"Offset Y": 0.0, "Offset X": 0.0, "Intensity": 0.0, "Switch": 0, "Mode": "Normal", "Blur": 15.0, "Color, 1": [0, 0, 0]}, "Shadow #2": {"Offset Y": 0.0, "Offset X": 0.0, "Intensity": 0.0, "Switch": 0, "Mode": "Normal", "Blur": 15.0, "Color, 1": [0, 0, 0]}}}}}}}}, "Mod": {"Flip Horizontal": 0, "Saturation": -80.0, "Brightness": -30.0, "Invert": 0, "Flip Vertical": 0, "Switch": 1, "Blur, Group": {"Size Y": 0.0, "Size X": 0.0, "Switch": 0, "Percentile": 50.0, "Radius": 3, "Type": 0, "Alpha Percentile": 50.0, "Select": 0}, "Contrast": 127.0}}, "Gradient Type": "Linear"}, "Four Corners.Cell.Type": {"Column": 2.0, "Inward": 0, "Row": 2.0}, "Four Corners.Canvas.Margin": {"Right": [0, 0.02], "Bottom": [0, 0.02], "Top": [0, 0.02], "Per": {}, "Switch": 1, "Left": [0, 0.02]}, "Four Corners.Cell": {"Node": {"selected_row": 2}}}, "Shelf": {}, "Model": {"Four Corners": "Sidewalk"}}}}