{"": {"Node": {"selected_row": 6}}, "Light": {"Gradient": "Default", "Pattern": "Pine", "rw2": {"Heat": {}}, "Random Seed": 0.0, "rw1": {"Mask": {"Angle": 0.0, "Vertical Scale": 1.0, "Corner Type": "Cut Corner", "Random Seed": 0.0, "rw1": {"Brush, Group": {"Opacity": 100.0, "Brush Size": 100.0, "Angle Jitter": 0.0, "Random Seed": 0.0, "Upscale": 0.0, "Brush": "C_Normal Brush 80", "Brush Spacing": 100.0, "Up Space": 0.0, "Brush Angle": 0.0, "Hardness": 1.0}, "Image, Choice": {"Folder Order": 0, "Slice Order": 0, "Slice": 0, "Tab": 1.0, "Image Name": "", "Column": 1.0, "Random Seed": 0.0, "Layer Order": 0, "Switch": 0, "Layered": 0, "File": "", "Filter": "", "Auto-Crop": 0, "Folder": "", "Type": "Next", "Loop": 0, "Row": 1.0}}, "Rectangle Type": "Rectangle", "Feather": 0.0, "Type": "Circle", "Pupil Scale": 0.33, "Horizontal Scale": 1.0, "Amp": 3.0, "Invert": 0, "Parallelogram Scale": 0.5, "Smooth": 4.0, "Contract": 0.0, "Hexagon Type": "Hexagon", "Switch": 0, "Steps": 6.0, "Octagon Type": "Octagon", "Triangle Type": "Triangle, Up, Regular", "Text": "", "Gradient Angle": "Top-center to Bottom-center", "Gradient Type": "Linear", "Font": "Tahoma"}, "Mod": {"Flip Horizontal": 0, "Saturation": 0.0, "Brightness": 0.0, "Invert": 0, "Flip Vertical": 0, "Switch": 0, "Blur, Group": {"Size Y": 0.0, "Size X": 0.0, "Switch": 0, "Percentile": 50.0, "Radius": 3, "Type": 0, "Alpha Percentile": 50.0}, "Contrast": 0.0}}, "Switch": 0, "Image, Choice": {"Folder Order": 0, "Slice Order": 0, "Slice": 0, "Tab": 1.0, "Image Name": "", "Column": 1.0, "Random Seed": 0.0, "Layer Order": 0, "Switch": 0, "Layered": 0, "File": "", "Filter": "", "Auto-Crop": 0, "Folder": "", "Type": "Next", "Loop": 0, "Row": 1.0}, "Gradient Type": "Linear", "Color, 1": [0, 0, 0], "Gradient Angle": "Top-center to Bottom-center", "Type": "Gradient"}, "Global": {"Render Height": 1200.0, "Work in Progress": 1.5, "Light Azimuth": 45.0, "Random Seed": 2959.0, "rw1": {"Delete Plan": 1, "Hide Layer": 0}, "Render Width": 1200.0, "Elevation": 13.0}, "Accent": {"Switch": 0, "Option List": {"Rectangle Pattern": {"Opacity": 69.6, "Random Order": 1, "Angle": 0.0, "Color Grid Type": 1, "brw": {"Add": {"Color": {"Opacity": 100.0, "Switch": 0, "Color, 1": [0, 255, 0], "Mode": "LCH Color"}, "rw1": {"Bump": {"Opacity": 7.4, "Noise": 0.461, "Invert": 1, "Switch": 1, "Amount": 2.0, "Depth": 1.0, "Blur Y": 13.0, "Blur X": 10.8, "Type": "Edge", "Mode": "Dissolve"}, "Noise, Group": {"Opacity": 100.0, "Noise Amount": 2.0, "Opaque": 0, "brw": {"Bump": {"Opacity": 100.0, "Noise": 0.07, "Invert": 0, "Switch": 0, "Amount": 1.0, "Blur Y": 6.0, "Mode": "Overlay", "Type": "Noise", "Depth": 1.0, "Blur X": 48.0}, "Mod": {"Flip Horizontal": 0, "Saturation": 0.0, "Brightness": 0.0, "Invert": 0, "Flip Vertical": 0, "Switch": 0, "Blur, Group": {"Size Y": 0.0, "Size X": 0.0, "Switch": 0, "Percentile": 50.0, "Radius": 3, "Type": 0, "Alpha Percentile": 50.0}, "Contrast": 0.0}}, "Speck Noise": 0.22, "Random Seed": 0.0, "Switch": 0, "Length": 4.0, "Mode": "Normal", "Radius": 10, "Type": "Ink"}}, "Switch": 1, "brw": {"Below": {"Opacity": 100.0, "Opaque": 0, "Switch": 0, "Mode": "Normal", "Type": "Mask", "Mod": {"Flip Horizontal": 0, "Saturation": 0.0, "Brightness": 0.0, "Invert": 0, "Flip Vertical": 0, "Switch": 0, "Blur, Group": {"Size Y": 0.0, "Size X": 0.0, "Switch": 0, "Percentile": 50.0, "Radius": 3, "Type": 0, "Alpha Percentile": 50.0}, "Contrast": 0.0}}, "Shadow": {"Inner Shadow": {"Offset Y": 0.0, "Offset X": 0.0, "Switch": 0, "Intensity": 0.0, "Mode": "Normal", "Blur": 15.0, "Color, 1": [0, 0, 0]}, "Switch, Shadow": {"Switch": 0}, "Shadow #1": {"Offset Y": 0.0, "Offset X": 0.0, "Switch": 0, "Intensity": 0.0, "Mode": "Normal", "Blur": 15.0, "Color, 1": [0, 0, 0]}, "Shadow #2": {"Offset Y": 0.0, "Offset X": 0.0, "Switch": 0, "Intensity": 0.0, "Mode": "Normal", "Blur": 15.0, "Color, 1": [0, 0, 0]}}}}, "Mod": {"Flip Horizontal": 0, "Saturation": -60.0, "Brightness": 0.0, "Invert": 0, "Flip Vertical": 0, "Switch": 1, "Blur, Group": {"Size Y": 0.0, "Size X": 0.0, "Switch": 0, "Percentile": 50.0, "Radius": 3, "Type": 0, "Alpha Percentile": 50.0}, "Contrast": 0.0}}, "Color Count": 6.0, "Random Seed": 46608.0, "Width": 600.0, "Mode": "Subtract", "Color, 6A": [[84, 159, 17, 186], [201, 201, 201, 135], [213, 204, 72, 97], [174, 174, 174, 116], [171, 98, 154, 65], [200, 200, 200, 63]], "Height": 600.0}}}, "Background": {"Gradient": "Default", "Pattern": "Pine", "Random Seed": 0.0, "rw1": {"Add, Above": {"brw": {"Bump": {"Opacity": 100.0, "Noise": 0.07, "Invert": 0, "Switch": 0, "Amount": 1.0, "Blur Y": 6.0, "Mode": "Overlay", "Type": "Noise", "Depth": 1.0, "Blur X": 48.0}, "Noise, Group": {"Opacity": 100.0, "Noise Amount": 2.0, "Opaque": 0, "brw": {"Bump": {"Opacity": 100.0, "Noise": 0.07, "Invert": 0, "Switch": 0, "Amount": 1.0, "Blur Y": 6.0, "Mode": "Overlay", "Type": "Noise", "Depth": 1.0, "Blur X": 48.0}, "Mod": {"Flip Horizontal": 0, "Saturation": 0.0, "Brightness": 0.0, "Invert": 0, "Flip Vertical": 0, "Switch": 0, "Blur, Group": {"Size Y": 0.0, "Size X": 0.0, "Switch": 0, "Percentile": 50.0, "Radius": 3, "Type": 0, "Alpha Percentile": 50.0}, "Contrast": 0.0}}, "Speck Noise": 0.22, "Random Seed": 0.0, "Switch": 0, "Length": 5.0, "Mode": "Normal", "Radius": 5, "Type": "Ink"}}, "rw1": {"Color": {"Opacity": 100.0, "Switch": 0, "Color, 1": [0, 255, 0], "Mode": "LCH Color"}, "Inset": {"Offset Y": 0.0, "Offset X": 0.0, "Intensity": 0.0, "Switch": 0, "Mode": "Normal", "Blur": 15.0, "Color, 1": [0, 0, 0]}}, "Switch": 0}, "Mod": {"Flip Horizontal": 0, "Saturation": 0.0, "Brightness": -10.0, "Invert": 0, "Flip Vertical": 0, "Switch": 0, "Blur, Group": {"Size Y": 0.0, "Size X": 0.0, "Switch": 0, "Percentile": 50.0, "Radius": 3, "Type": 0, "Alpha Percentile": 50.0}, "Contrast": -13.0}}, "Image, Choice": {"Folder Order": 0, "Slice Order": 0, "Slice": 0, "Tab": 1.0, "Image Name": "", "Column": 1.0, "Random Seed": 0.0, "Layer Order": 0, "Switch": 0, "Layered": 0, "File": "", "Filter": "", "Auto-Crop": 0, "Folder": "", "Type": "Next", "Loop": 0, "Row": 1.0}, "Gradient Type": "Square", "Color, 1": [255, 255, 255], "Gradient Angle": "Center to Center-left", "Type": "Color"}, "Model": {"Model List": {"Active": {"Table.Cell.Type": {"Grid Type": "Cell Count", "Column Width": 250.0, "Indent": 0, "Pin": "Center", "Column": 1.0, "Equilateral Cell Shape": "Square", "Parallelogram Scale": 0.7, "Grid Size": null, "Per": {}, "Cell Shape": "Ellipse, Vertically Aligned", "Row Height": 250.0, "Row": 1.0}, "Table.Cell.Plaque": {"Opacity": 100.0, "Obey Margin": 1, "Gradient": "Default", "Pattern": "Pine", "Per": {}, "Random Seed": 0.0, "rw1": {"Image, Choice": {"Folder Order": 0, "Slice Order": 0, "Slice": 0, "File": "", "Image Name": "", "Column": 1.0, "Random Seed": 0.0, "Layer Order": 0, "Switch": 0, "Layered": 0, "Tab": 1.0, "Filter": "", "Auto-Crop": 0, "Folder": "", "Type": "Next", "Loop": 0, "Row": 1.0}, "Mask": {"Angle": 0.0, "Vertical Scale": 1.0, "Corner Type": "Cut Corner", "Random Seed": 0.0, "rw1": {"Brush, Group": {"Opacity": 100.0, "Brush Size": 100.0, "Angle Jitter": 0.0, "Random Seed": 0.0, "Upscale": 0.0, "Brush": "C_Normal Brush 80", "Brush Spacing": 100.0, "Up Space": 0.0, "Brush Angle": 0.0, "Hardness": 1.0}, "Image, Choice": {"Folder Order": 0, "Slice Order": 0, "Slice": 0, "File": "", "Image Name": "", "Column": 1.0, "Random Seed": 0.0, "Layer Order": 0, "Switch": 0, "Layered": 0, "Tab": 1.0, "Filter": "", "Auto-Crop": 0, "Folder": "", "Type": "Next", "Loop": 0, "Row": 1.0}}, "Rectangle Type": "Rectangle", "Feather": 30.0, "Type": "Opaque", "Pupil Scale": 0.33, "Horizontal Scale": 1.0, "Amp": 3.0, "Invert": 0, "Parallelogram Scale": 0.5, "Smooth": 4.0, "Contract": 0.0, "Hexagon Type": "Hexagon", "Switch": 1, "Steps": 6.0, "Octagon Type": "Octagon", "Triangle Type": "Triangle, Up, Regular", "Text": "", "Gradient Angle": "Top-center to Bottom-center", "Gradient Type": "Linear", "Font": "Tahoma"}}, "Switch": 1, "Grid": {"Line Height": 4.0, "Width": 30, "Line Width": 4.0, "Height": 30}, "Mode": "Normal", "Color, 1": [0, 0, 0], "Gradient Angle": "Top-center to Bottom-center", "Type": "Color", "brw": {"Add": {"Color": {"Opacity": 100.0, "Switch": 0, "Color, 1": [0, 255, 0], "Mode": "LCH Color"}, "rw1": {"Bump": {"Opacity": 100.0, "Noise": 0.07, "Invert": 0, "Switch": 0, "Amount": 1.0, "Blur Y": 6.0, "Mode": "Overlay", "Type": "Noise", "Depth": 1.0, "Blur X": 48.0}, "Noise, Group": {"Opacity": 100.0, "Noise Amount": 2.0, "Opaque": 0, "brw": {"Bump": {"Opacity": 100.0, "Noise": 0.07, "Invert": 0, "Switch": 0, "Amount": 1.0, "Blur Y": 6.0, "Mode": "Overlay", "Type": "Noise", "Depth": 1.0, "Blur X": 48.0}, "Mod": {"Flip Horizontal": 0, "Saturation": 0.0, "Brightness": 0.0, "Invert": 0, "Flip Vertical": 0, "Switch": 0, "Blur, Group": {"Size Y": 0.0, "Size X": 0.0, "Switch": 0, "Percentile": 50.0, "Radius": 3, "Type": 0, "Alpha Percentile": 50.0}, "Contrast": 0.0}}, "Speck Noise": 0.22, "Random Seed": 0.0, "Switch": 0, "Length": 4.0, "Mode": "Normal", "Radius": 10, "Type": "Ink"}}, "Switch": 0, "brw": {"Below": {"Opacity": 100.0, "Opaque": 0, "Switch": 0, "Mode": "Normal", "Type": "Mask", "Mod": {"Flip Horizontal": 0, "Saturation": 0.0, "Brightness": 0.0, "Invert": 0, "Flip Vertical": 0, "Switch": 0, "Blur, Group": {"Size Y": 0.0, "Size X": 0.0, "Switch": 0, "Percentile": 50.0, "Radius": 3, "Type": 0, "Alpha Percentile": 50.0}, "Contrast": 0.0}}, "Shadow": {"Inner Shadow": {"Offset Y": 0.0, "Offset X": 0.0, "Intensity": 0.0, "Switch": 0, "Mode": "Normal", "Blur": 15.0, "Color, 1": [0, 0, 0]}, "Switch, Shadow": {"Switch": 0}, "Shadow #1": {"Offset Y": 0.0, "Offset X": 0.0, "Intensity": 0.0, "Switch": 0, "Mode": "Normal", "Blur": 15.0, "Color, 1": [0, 0, 0]}, "Shadow #2": {"Offset Y": 0.0, "Offset X": 0.0, "Intensity": 0.0, "Switch": 0, "Mode": "Normal", "Blur": 15.0, "Color, 1": [0, 0, 0]}}}}, "Frame": {"Switch": 0, "Option List": {"Basic": {"brw": {"Wrap": {"Opacity": 100.0, "Width": 12.0, "Mode": "Normal", "Color, 1": [127, 127, 127], "Emboss": {"Depth": 1.0, "Pre-Blur": 0.0, "Switch": 0, "Mode": "Overlay", "Post Blur": 0.0, "Contrast": 0.0}, "Type": "Rounded"}, "Add": {"Color": {"Opacity": 100.0, "Switch": 0, "Color, 1": [0, 255, 0], "Mode": "LCH Color"}, "rw1": {"Bump": {"Opacity": 100.0, "Noise": 0.07, "Invert": 0, "Switch": 0, "Amount": 1.0, "Blur Y": 6.0, "Mode": "Overlay", "Type": "Noise", "Depth": 1.0, "Blur X": 48.0}, "Noise, Group": {"Opacity": 100.0, "Noise Amount": 2.0, "Opaque": 0, "brw": {"Bump": {"Opacity": 100.0, "Noise": 0.07, "Invert": 0, "Switch": 0, "Amount": 1.0, "Blur Y": 6.0, "Mode": "Overlay", "Type": "Noise", "Depth": 1.0, "Blur X": 48.0}, "Mod": {"Flip Horizontal": 0, "Saturation": 0.0, "Brightness": 0.0, "Invert": 0, "Flip Vertical": 0, "Switch": 0, "Blur, Group": {"Size Y": 0.0, "Size X": 0.0, "Switch": 0, "Percentile": 50.0, "Radius": 3, "Type": 0, "Alpha Percentile": 50.0}, "Contrast": 0.0}}, "Speck Noise": 0.22, "Random Seed": 0.0, "Switch": 0, "Length": 4.0, "Mode": "Normal", "Radius": 10, "Type": "Ink"}}, "Switch": 0, "brw": {"Below": {"Opacity": 100.0, "Opaque": 0, "Switch": 0, "Mode": "Normal", "Type": "Mask", "Mod": {"Flip Horizontal": 0, "Saturation": 0.0, "Brightness": 0.0, "Invert": 0, "Flip Vertical": 0, "Switch": 0, "Blur, Group": {"Size Y": 0.0, "Size X": 0.0, "Switch": 0, "Percentile": 50.0, "Radius": 3, "Type": 0, "Alpha Percentile": 50.0}, "Contrast": 0.0}}, "Shadow": {"Inner Shadow": {"Offset Y": 0.0, "Offset X": 0.0, "Intensity": 0.0, "Switch": 0, "Mode": "Normal", "Blur": 15.0, "Color, 1": [0, 0, 0]}, "Switch, Shadow": {"Switch": 0}, "Shadow #1": {"Offset Y": 0.0, "Offset X": 0.0, "Intensity": 0.0, "Switch": 0, "Mode": "Normal", "Blur": 15.0, "Color, 1": [0, 0, 0]}, "Shadow #2": {"Offset Y": 0.0, "Offset X": 0.0, "Intensity": 0.0, "Switch": 0, "Mode": "Normal", "Blur": 15.0, "Color, 1": [0, 0, 0]}}}}}}}}, "Mod": {"Flip Horizontal": 0, "Saturation": 0.0, "Brightness": 0.0, "Invert": 0, "Flip Vertical": 0, "Switch": 0, "Blur, Group": {"Size Y": 0.0, "Size X": 0.0, "Switch": 0, "Percentile": 50.0, "Radius": 3, "Type": 0, "Alpha Percentile": 50.0}, "Contrast": 0.0}}, "Gradient Type": "Linear"}, "Table.Cell": {"Node": {"selected_row": 3}}, "Table.Canvas.Margin": {"Right": [0, 0.1], "Bottom": [0, 0.1], "Top": [0, 0.1], "Per": {}, "Switch": 0, "Left": [0, 0.1]}, "Table.Canvas": {"Node": {"selected_row": 1}}, "Table.Property": {"Font Size": 12.0, "Planner": {"Ratio": 0, "Name": 0, "Position": 0, "Margin": 0, "Image": 0, "Fringe": 0, "Caption": 0, "Grid": 0, "Cell Shape": 0, "Corner": 0, "Line": 0, "Border": 0, "Dimension": 0, "Plaque": 0}, "model type": null}, "Table.Canvas.Shift": {"Width Mod": [0, 0.0], "Jitter X": [0, 0.0], "Jitter Y": [0, 0.0], "Jitter Height": [0, 0.0], "Jitter Width": [0, 0.0], "Offset Y": [0, 0.0], "Offset X": [0, 0.0], "Per": {}, "Random Seed": 0.0, "Switch": 0, "Height Mod": [0, 0.0]}, "Table.Cell.Margin": {"Right": [0, 0.1], "Bottom": [0, 0.1], "Top": [0, 0.1], "Per": {}, "Switch": 1, "Left": [0, 0.1]}, "Table.Cell.Fringe": {"Opacity": 100.0, "Contract": 150.0, "Obey Margin": 0, "Clip": 0, "Gradient": "Default", "Pattern": "Pine", "Per": {}, "Random Seed": 0.0, "rw1": {"Brush, Group": {"Opacity": 100.0, "Brush Size": 133.0, "Angle Jitter": 63.2, "Random Seed": 70765.0, "Upscale": 1.33, "Brush": "texture three", "Brush Spacing": 39.7, "Up Space": 0.38, "Brush Angle": 65.8, "Hardness": 1.0}, "Mask": {"Angle": 0.0, "Vertical Scale": 1.0, "Corner Type": "Cut Corner", "Random Seed": 0.0, "rw1": {"Brush, Group": {"Opacity": 100.0, "Brush Size": 100.0, "Angle Jitter": 0.0, "Random Seed": 0.0, "Upscale": 0.0, "Brush": "C_Normal Brush 80", "Brush Spacing": 100.0, "Up Space": 0.0, "Brush Angle": 0.0, "Hardness": 1.0}, "Image, Choice": {"Folder Order": 0, "Slice Order": 0, "Slice": 0, "File": "", "Image Name": "", "Column": 1.0, "Random Seed": 0.0, "Layer Order": 0, "Switch": 0, "Layered": 0, "Tab": 1.0, "Filter": "", "Auto-Crop": 0, "Folder": "", "Type": "Next", "Loop": 0, "Row": 1.0}}, "Rectangle Type": "Rectangle", "Feather": 30.0, "Type": "Opaque", "Pupil Scale": 0.33, "Horizontal Scale": 1.0, "Amp": 3.0, "Invert": 0, "Parallelogram Scale": 0.5, "Smooth": 4.0, "Contract": 0.0, "Hexagon Type": "Hexagon", "Switch": 1, "Steps": 6.0, "Octagon Type": "Octagon", "Triangle Type": "Triangle, Up, Regular", "Text": "", "Gradient Angle": "Top-center to Bottom-center", "Gradient Type": "Linear", "Font": "Tahoma"}}, "Switch": 1, "Image, Choice": {"Folder Order": 0, "Slice Order": 0, "Slice": 0, "File": "", "Image Name": "", "Column": 1.0, "Random Seed": 0.0, "Layer Order": 0, "Switch": 0, "Layered": 0, "Tab": 1.0, "Filter": "", "Auto-Crop": 0, "Folder": "", "Type": "Next", "Loop": 0, "Row": 1.0}, "Grid": {"Line Height": 4.0, "Width": 30, "Line Width": 4.0, "Height": 30}, "Gradient Type": "Linear", "Color Count": 1.0, "Color, 1": [0, 0, 0], "Gradient Angle": "Top-center to Bottom-center", "Type": "Color", "Color, 6": [[0, 0, 0], [51, 51, 51], [102, 102, 102], [153, 153, 153], [204, 204, 204], [255, 255, 255]], "brw": {"Add": {"Color": {"Opacity": 100.0, "Switch": 0, "Color, 1": [0, 255, 0], "Mode": "LCH Color"}, "rw1": {"Bump": {"Opacity": 100.0, "Noise": 0.07, "Invert": 0, "Switch": 0, "Amount": 1.0, "Blur Y": 6.0, "Mode": "Overlay", "Type": "Noise", "Depth": 1.0, "Blur X": 48.0}, "Noise, Group": {"Opacity": 100.0, "Noise Amount": 2.0, "Opaque": 0, "brw": {"Bump": {"Opacity": 100.0, "Noise": 0.07, "Invert": 0, "Switch": 0, "Amount": 1.0, "Blur Y": 6.0, "Mode": "Overlay", "Type": "Noise", "Depth": 1.0, "Blur X": 48.0}, "Mod": {"Flip Horizontal": 0, "Saturation": 0.0, "Brightness": 0.0, "Invert": 0, "Flip Vertical": 0, "Switch": 0, "Blur, Group": {"Size Y": 0.0, "Size X": 0.0, "Switch": 0, "Percentile": 50.0, "Radius": 3, "Type": 0, "Alpha Percentile": 50.0}, "Contrast": 0.0}}, "Speck Noise": 0.22, "Random Seed": 0.0, "Switch": 0, "Length": 4.0, "Mode": "Normal", "Radius": 10, "Type": "Ink"}}, "Switch": 0, "brw": {"Below": {"Opacity": 100.0, "Opaque": 0, "Switch": 0, "Mode": "Normal", "Type": "Mask", "Mod": {"Flip Horizontal": 0, "Saturation": 0.0, "Brightness": 0.0, "Invert": 0, "Flip Vertical": 0, "Switch": 0, "Blur, Group": {"Size Y": 0.0, "Size X": 0.0, "Switch": 0, "Percentile": 50.0, "Radius": 3, "Type": 0, "Alpha Percentile": 50.0}, "Contrast": 0.0}}, "Shadow": {"Inner Shadow": {"Offset Y": 0.0, "Offset X": 0.0, "Switch": 0, "Intensity": 0.0, "Mode": "Normal", "Blur": 15.0, "Color, 1": [0, 0, 0]}, "Switch, Shadow": {"Switch": 0}, "Shadow #1": {"Offset Y": 0.0, "Offset X": 0.0, "Switch": 0, "Intensity": 0.0, "Mode": "Normal", "Blur": 15.0, "Color, 1": [0, 0, 0]}, "Shadow #2": {"Offset Y": 0.0, "Offset X": 0.0, "Switch": 0, "Intensity": 0.0, "Mode": "Normal", "Blur": 15.0, "Color, 1": [0, 0, 0]}}}}, "Frame": {"Switch": 0, "Option List": {"Basic": {"brw": {"Wrap": {"Opacity": 100.0, "Width": 12.0, "Mode": "Normal", "Color, 1": [127, 127, 127], "Emboss": {"Depth": 1.0, "Pre-Blur": 0.0, "Switch": 0, "Mode": "Overlay", "Post Blur": 0.0, "Contrast": 0.0}, "Type": "Rounded"}, "Add": {"Color": {"Opacity": 100.0, "Switch": 0, "Color, 1": [0, 255, 0], "Mode": "LCH Color"}, "rw1": {"Bump": {"Opacity": 100.0, "Noise": 0.07, "Invert": 0, "Switch": 0, "Amount": 1.0, "Blur Y": 6.0, "Mode": "Overlay", "Type": "Noise", "Depth": 1.0, "Blur X": 48.0}, "Noise, Group": {"Opacity": 100.0, "Noise Amount": 2.0, "Opaque": 0, "brw": {"Bump": {"Opacity": 100.0, "Noise": 0.07, "Invert": 0, "Switch": 0, "Amount": 1.0, "Blur Y": 6.0, "Mode": "Overlay", "Type": "Noise", "Depth": 1.0, "Blur X": 48.0}, "Mod": {"Flip Horizontal": 0, "Saturation": 0.0, "Brightness": 0.0, "Invert": 0, "Flip Vertical": 0, "Switch": 0, "Blur, Group": {"Size Y": 0.0, "Size X": 0.0, "Switch": 0, "Percentile": 50.0, "Radius": 3, "Type": 0, "Alpha Percentile": 50.0}, "Contrast": 0.0}}, "Speck Noise": 0.22, "Random Seed": 0.0, "Switch": 0, "Length": 4.0, "Mode": "Normal", "Radius": 10, "Type": "Ink"}}, "Switch": 0, "brw": {"Below": {"Opacity": 100.0, "Opaque": 0, "Switch": 0, "Mode": "Normal", "Type": "Mask", "Mod": {"Flip Horizontal": 0, "Saturation": 0.0, "Brightness": 0.0, "Invert": 0, "Flip Vertical": 0, "Switch": 0, "Blur, Group": {"Size Y": 0.0, "Size X": 0.0, "Switch": 0, "Percentile": 50.0, "Radius": 3, "Type": 0, "Alpha Percentile": 50.0}, "Contrast": 0.0}}, "Shadow": {"Inner Shadow": {"Offset Y": 0.0, "Offset X": 0.0, "Intensity": 0.0, "Switch": 0, "Mode": "Normal", "Blur": 15.0, "Color, 1": [0, 0, 0]}, "Switch, Shadow": {"Switch": 0}, "Shadow #1": {"Offset Y": 0.0, "Offset X": 0.0, "Intensity": 0.0, "Switch": 0, "Mode": "Normal", "Blur": 15.0, "Color, 1": [0, 0, 0]}, "Shadow #2": {"Offset Y": 0.0, "Offset X": 0.0, "Intensity": 0.0, "Switch": 0, "Mode": "Normal", "Blur": 15.0, "Color, 1": [0, 0, 0]}}}}}}}}, "Mod": {"Flip Horizontal": 0, "Saturation": 0.0, "Brightness": 0.0, "Invert": 0, "Flip Vertical": 0, "Switch": 0, "Blur, Group": {"Size Y": 0.0, "Size X": 0.0, "Switch": 0, "Percentile": 50.0, "Radius": 3, "Type": 0, "Alpha Percentile": 50.0}, "Contrast": 0.0}}, "Mode": "Normal"}, "Table": {"Node": {"selected_row": 2}}}, "Shelf": {"Table.Canvas.Fringe": {"Opacity": 100.0, "Obey Margin": 0, "Clip": 0, "Gradient": "Default", "Pattern": "Pine", "Contract": 0.0, "Random Seed": 0.0, "rw1": {"Brush, Group": {"Opacity": 100.0, "Brush Size": 100.0, "Angle Jitter": 0.0, "Random Seed": 0.0, "Upscale": 0.0, "Brush": "C_Normal Brush 80", "Brush Spacing": 100.0, "Up Space": 0.0, "Brush Angle": 0.0, "Hardness": 1.0}, "Mask": {"Angle": 0.0, "Vertical Scale": 1.0, "Corner Type": "Cut Corner", "Random Seed": 0.0, "rw1": {"Brush, Group": {"Opacity": 100.0, "Brush Size": 100.0, "Angle Jitter": 0.0, "Random Seed": 0.0, "Upscale": 0.0, "Brush": "C_Normal Brush 80", "Brush Spacing": 100.0, "Up Space": 0.0, "Brush Angle": 0.0, "Hardness": 1.0}, "Image, Choice": {"Folder Order": 0, "Slice Order": 0, "Slice": 0, "Tab": 1.0, "Image Name": "", "Column": 1.0, "Random Seed": 0.0, "Layer Order": 0, "Switch": 0, "Layered": 0, "File": "", "Filter": "", "Auto-Crop": 0, "Folder": "", "Type": "Next", "Loop": 0, "Row": 1.0}}, "Rectangle Type": "Rectangle", "Feather": 0.0, "Type": "Circle", "Pupil Scale": 0.33, "Horizontal Scale": 1.0, "Amp": 3.0, "Invert": 0, "Parallelogram Scale": 0.5, "Smooth": 4.0, "Contract": 0.0, "Hexagon Type": "Hexagon", "Switch": 0, "Steps": 6.0, "Octagon Type": "Octagon", "Triangle Type": "Triangle, Up, Regular", "Text": "", "Gradient Angle": "Top-center to Bottom-center", "Gradient Type": "Linear", "Font": "Tahoma"}}, "Switch": 0, "Image, Choice": {"Folder Order": 0, "Slice Order": 0, "Slice": 0, "Tab": 1.0, "Image Name": "", "Column": 1.0, "Random Seed": 0.0, "Layer Order": 0, "Switch": 0, "Layered": 0, "File": "", "Filter": "", "Auto-Crop": 0, "Folder": "", "Type": "Next", "Loop": 0, "Row": 1.0}, "Grid": {"Line Width": 4.0, "Width": 30, "Line Height": 4.0, "Height": 30}, "Per": {}, "Mode": "Normal", "Color Count": 1.0, "Color, 1": [0, 0, 0], "Gradient Angle": "Top-center to Bottom-center", "Type": "Color", "Color, 6": [[0, 0, 0], [51, 51, 51], [102, 102, 102], [153, 153, 153], [204, 204, 204], [255, 255, 255]], "brw": {"Add": {"Color": {"Opacity": 100.0, "Switch": 0, "Color, 1": [0, 255, 0], "Mode": "LCH Color"}, "rw1": {"Bump": {"Opacity": 100.0, "Noise": 0.07, "Invert": 0, "Switch": 0, "Amount": 1.0, "Blur Y": 6.0, "Mode": "Overlay", "Type": "Noise", "Depth": 1.0, "Blur X": 48.0}, "Noise, Group": {"Opacity": 100.0, "Noise Amount": 2.0, "Opaque": 0, "brw": {"Bump": {"Opacity": 100.0, "Noise": 0.07, "Invert": 0, "Switch": 0, "Amount": 1.0, "Blur Y": 6.0, "Mode": "Overlay", "Type": "Noise", "Depth": 1.0, "Blur X": 48.0}, "Mod": {"Flip Horizontal": 0, "Saturation": 0.0, "Brightness": 0.0, "Invert": 0, "Flip Vertical": 0, "Switch": 0, "Blur, Group": {"Size Y": 0.0, "Size X": 0.0, "Switch": 0, "Percentile": 50.0, "Radius": 3, "Type": 0, "Alpha Percentile": 50.0}, "Contrast": 0.0}}, "Speck Noise": 0.22, "Random Seed": 0.0, "Switch": 0, "Length": 4.0, "Mode": "Normal", "Radius": 10, "Type": "Ink"}}, "Switch": 0, "brw": {"Below": {"Opacity": 100.0, "Opaque": 0, "Switch": 0, "Mode": "Normal", "Type": "Mask", "Mod": {"Flip Horizontal": 0, "Saturation": 0.0, "Brightness": 0.0, "Invert": 0, "Flip Vertical": 0, "Switch": 0, "Blur, Group": {"Size Y": 0.0, "Size X": 0.0, "Switch": 0, "Percentile": 50.0, "Radius": 3, "Type": 0, "Alpha Percentile": 50.0}, "Contrast": 0.0}}, "Shadow": {"Inner Shadow": {"Offset Y": 0.0, "Offset X": 0.0, "Intensity": 0.0, "Switch": 0, "Mode": "Normal", "Blur": 15.0, "Color, 1": [0, 0, 0]}, "Switch, Shadow": {"Switch": 0}, "Shadow #1": {"Offset Y": 0.0, "Offset X": 0.0, "Intensity": 0.0, "Switch": 0, "Mode": "Normal", "Blur": 15.0, "Color, 1": [0, 0, 0]}, "Shadow #2": {"Offset Y": 0.0, "Offset X": 0.0, "Intensity": 0.0, "Switch": 0, "Mode": "Normal", "Blur": 15.0, "Color, 1": [0, 0, 0]}}}}, "Frame": {"Switch": 0, "Option List": {"Basic": {"brw": {"Wrap": {"Opacity": 100.0, "Width": 12.0, "Mode": "Normal", "Color, 1": [127, 127, 127], "Emboss": {"Switch": 0, "Pre-Blur": 0.0, "Depth": 1.0, "Mode": "Overlay", "Post Blur": 0.0, "Contrast": 0.0}, "Type": "Rounded"}, "Add": {"Color": {"Opacity": 100.0, "Switch": 0, "Color, 1": [0, 255, 0], "Mode": "LCH Color"}, "rw1": {"Bump": {"Opacity": 100.0, "Noise": 0.07, "Invert": 0, "Switch": 0, "Amount": 1.0, "Blur Y": 6.0, "Mode": "Overlay", "Type": "Noise", "Depth": 1.0, "Blur X": 48.0}, "Noise, Group": {"Opacity": 100.0, "Noise Amount": 2.0, "Opaque": 0, "brw": {"Bump": {"Opacity": 100.0, "Noise": 0.07, "Invert": 0, "Switch": 0, "Amount": 1.0, "Blur Y": 6.0, "Mode": "Overlay", "Type": "Noise", "Depth": 1.0, "Blur X": 48.0}, "Mod": {"Flip Horizontal": 0, "Saturation": 0.0, "Brightness": 0.0, "Invert": 0, "Flip Vertical": 0, "Switch": 0, "Blur, Group": {"Size Y": 0.0, "Size X": 0.0, "Switch": 0, "Percentile": 50.0, "Radius": 3, "Type": 0, "Alpha Percentile": 50.0}, "Contrast": 0.0}}, "Speck Noise": 0.22, "Random Seed": 0.0, "Switch": 0, "Length": 4.0, "Mode": "Normal", "Radius": 10, "Type": "Ink"}}, "Switch": 0, "brw": {"Below": {"Opacity": 100.0, "Opaque": 0, "Switch": 0, "Mode": "Normal", "Type": "Mask", "Mod": {"Flip Horizontal": 0, "Saturation": 0.0, "Brightness": 0.0, "Invert": 0, "Flip Vertical": 0, "Switch": 0, "Blur, Group": {"Size Y": 0.0, "Size X": 0.0, "Switch": 0, "Percentile": 50.0, "Radius": 3, "Type": 0, "Alpha Percentile": 50.0}, "Contrast": 0.0}}, "Shadow": {"Inner Shadow": {"Offset Y": 0.0, "Offset X": 0.0, "Switch": 0, "Intensity": 0.0, "Mode": "Normal", "Blur": 15.0, "Color, 1": [0, 0, 0]}, "Switch, Shadow": {"Switch": 0}, "Shadow #1": {"Offset Y": 0.0, "Offset X": 0.0, "Switch": 0, "Intensity": 0.0, "Mode": "Normal", "Blur": 15.0, "Color, 1": [0, 0, 0]}, "Shadow #2": {"Offset Y": 0.0, "Offset X": 0.0, "Switch": 0, "Intensity": 0.0, "Mode": "Normal", "Blur": 15.0, "Color, 1": [0, 0, 0]}}}}}}}}, "Mod": {"Flip Horizontal": 0, "Saturation": 0.0, "Brightness": 0.0, "Invert": 0, "Flip Vertical": 0, "Switch": 0, "Blur, Group": {"Size Y": 0.0, "Size X": 0.0, "Switch": 0, "Percentile": 50.0, "Radius": 3, "Type": 0, "Alpha Percentile": 50.0}, "Contrast": 0.0}}, "Gradient Type": "Linear"}, "Table.Canvas.Plaque": {"Opacity": 100.0, "Obey Margin": 0, "Gradient": "Default", "Pattern": "Pine", "Per": {}, "Random Seed": 0.0, "rw1": {"Image, Choice": {"Folder Order": 0, "Slice Order": 0, "Slice": 0, "Tab": 1.0, "Image Name": "", "Column": 1.0, "Random Seed": 0.0, "Layer Order": 0, "Switch": 0, "Layered": 0, "File": "", "Filter": "", "Auto-Crop": 0, "Folder": "", "Type": "Next", "Loop": 0, "Row": 1.0}, "Mask": {"Angle": 0.0, "Vertical Scale": 1.0, "Corner Type": "Cut Corner", "Random Seed": 0.0, "rw1": {"Brush, Group": {"Opacity": 100.0, "Brush Size": 100.0, "Angle Jitter": 0.0, "Random Seed": 0.0, "Upscale": 0.0, "Brush": "C_Normal Brush 80", "Brush Spacing": 100.0, "Up Space": 0.0, "Brush Angle": 0.0, "Hardness": 1.0}, "Image, Choice": {"Folder Order": 0, "Slice Order": 0, "Slice": 0, "Tab": 1.0, "Image Name": "", "Column": 1.0, "Random Seed": 0.0, "Layer Order": 0, "Switch": 0, "Layered": 0, "File": "", "Filter": "", "Auto-Crop": 0, "Folder": "", "Type": "Next", "Loop": 0, "Row": 1.0}}, "Rectangle Type": "Rectangle", "Feather": 0.0, "Type": "Circle", "Pupil Scale": 0.33, "Horizontal Scale": 1.0, "Amp": 3.0, "Invert": 0, "Parallelogram Scale": 0.5, "Smooth": 4.0, "Contract": 0.0, "Hexagon Type": "Hexagon", "Switch": 0, "Steps": 6.0, "Octagon Type": "Octagon", "Triangle Type": "Triangle, Up, Regular", "Text": "", "Gradient Angle": "Top-center to Bottom-center", "Gradient Type": "Linear", "Font": "Tahoma"}}, "Switch": 0, "Grid": {"Line Width": 4.0, "Width": 30, "Line Height": 4.0, "Height": 30}, "Mode": "Normal", "Color, 1": [255, 255, 255], "Gradient Angle": "Top-center to Bottom-center", "Type": "Color", "brw": {"Add": {"Color": {"Opacity": 100.0, "Switch": 0, "Color, 1": [0, 255, 0], "Mode": "LCH Color"}, "rw1": {"Bump": {"Opacity": 100.0, "Noise": 0.07, "Invert": 0, "Switch": 0, "Amount": 1.0, "Blur Y": 6.0, "Mode": "Overlay", "Type": "Noise", "Depth": 1.0, "Blur X": 48.0}, "Noise, Group": {"Opacity": 100.0, "Noise Amount": 2.0, "Opaque": 0, "brw": {"Bump": {"Opacity": 100.0, "Noise": 0.07, "Invert": 0, "Switch": 0, "Amount": 1.0, "Blur Y": 6.0, "Mode": "Overlay", "Type": "Noise", "Depth": 1.0, "Blur X": 48.0}, "Mod": {"Flip Horizontal": 0, "Saturation": 0.0, "Brightness": 0.0, "Invert": 0, "Flip Vertical": 0, "Switch": 0, "Blur, Group": {"Size Y": 0.0, "Size X": 0.0, "Switch": 0, "Percentile": 50.0, "Radius": 3, "Type": 0, "Alpha Percentile": 50.0}, "Contrast": 0.0}}, "Speck Noise": 0.22, "Random Seed": 0.0, "Switch": 0, "Length": 4.0, "Mode": "Normal", "Radius": 10, "Type": "Ink"}}, "Switch": 0, "brw": {"Below": {"Opacity": 100.0, "Opaque": 0, "Switch": 0, "Mode": "Normal", "Type": "Mask", "Mod": {"Flip Horizontal": 0, "Saturation": 0.0, "Brightness": 0.0, "Invert": 0, "Flip Vertical": 0, "Switch": 0, "Blur, Group": {"Size Y": 0.0, "Size X": 0.0, "Switch": 0, "Percentile": 50.0, "Radius": 3, "Type": 0, "Alpha Percentile": 50.0}, "Contrast": 0.0}}, "Shadow": {"Inner Shadow": {"Offset Y": 0.0, "Offset X": 0.0, "Intensity": 0.0, "Switch": 0, "Mode": "Normal", "Blur": 15.0, "Color, 1": [0, 0, 0]}, "Switch, Shadow": {"Switch": 0}, "Shadow #1": {"Offset Y": 0.0, "Offset X": 0.0, "Intensity": 0.0, "Switch": 0, "Mode": "Normal", "Blur": 15.0, "Color, 1": [0, 0, 0]}, "Shadow #2": {"Offset Y": 0.0, "Offset X": 0.0, "Intensity": 0.0, "Switch": 0, "Mode": "Normal", "Blur": 15.0, "Color, 1": [0, 0, 0]}}}}, "Frame": {"Switch": 0, "Option List": {"Basic": {"brw": {"Wrap": {"Opacity": 100.0, "Width": 12.0, "Mode": "Normal", "Color, 1": [127, 127, 127], "Emboss": {"Switch": 0, "Pre-Blur": 0.0, "Depth": 1.0, "Mode": "Overlay", "Post Blur": 0.0, "Contrast": 0.0}, "Type": "Rounded"}, "Add": {"Color": {"Opacity": 100.0, "Switch": 0, "Color, 1": [0, 255, 0], "Mode": "LCH Color"}, "rw1": {"Bump": {"Opacity": 100.0, "Noise": 0.07, "Invert": 0, "Switch": 0, "Amount": 1.0, "Blur Y": 6.0, "Mode": "Overlay", "Type": "Noise", "Depth": 1.0, "Blur X": 48.0}, "Noise, Group": {"Opacity": 100.0, "Noise Amount": 2.0, "Opaque": 0, "brw": {"Bump": {"Opacity": 100.0, "Noise": 0.07, "Invert": 0, "Switch": 0, "Amount": 1.0, "Blur Y": 6.0, "Mode": "Overlay", "Type": "Noise", "Depth": 1.0, "Blur X": 48.0}, "Mod": {"Flip Horizontal": 0, "Saturation": 0.0, "Brightness": 0.0, "Invert": 0, "Flip Vertical": 0, "Switch": 0, "Blur, Group": {"Size Y": 0.0, "Size X": 0.0, "Switch": 0, "Percentile": 50.0, "Radius": 3, "Type": 0, "Alpha Percentile": 50.0}, "Contrast": 0.0}}, "Speck Noise": 0.22, "Random Seed": 0.0, "Switch": 0, "Length": 4.0, "Mode": "Normal", "Radius": 10, "Type": "Ink"}}, "Switch": 0, "brw": {"Below": {"Opacity": 100.0, "Opaque": 0, "Switch": 0, "Mode": "Normal", "Type": "Mask", "Mod": {"Flip Horizontal": 0, "Saturation": 0.0, "Brightness": 0.0, "Invert": 0, "Flip Vertical": 0, "Switch": 0, "Blur, Group": {"Size Y": 0.0, "Size X": 0.0, "Switch": 0, "Percentile": 50.0, "Radius": 3, "Type": 0, "Alpha Percentile": 50.0}, "Contrast": 0.0}}, "Shadow": {"Inner Shadow": {"Offset Y": 0.0, "Offset X": 0.0, "Switch": 0, "Intensity": 0.0, "Mode": "Normal", "Blur": 15.0, "Color, 1": [0, 0, 0]}, "Switch, Shadow": {"Switch": 0}, "Shadow #1": {"Offset Y": 0.0, "Offset X": 0.0, "Switch": 0, "Intensity": 0.0, "Mode": "Normal", "Blur": 15.0, "Color, 1": [0, 0, 0]}, "Shadow #2": {"Offset Y": 0.0, "Offset X": 0.0, "Switch": 0, "Intensity": 0.0, "Mode": "Normal", "Blur": 15.0, "Color, 1": [0, 0, 0]}}}}}}}}, "Mod": {"Flip Horizontal": 0, "Saturation": 0.0, "Brightness": 0.0, "Invert": 0, "Flip Vertical": 0, "Switch": 0, "Blur, Group": {"Size Y": 0.0, "Size X": 0.0, "Switch": 0, "Percentile": 50.0, "Radius": 3, "Type": 0, "Alpha Percentile": 50.0}, "Contrast": 0.0}}, "Gradient Type": "Linear"}}, "Model": {"Table": "Table"}}}}