{"": {"Node": {"selected_row": 6}}, "Light": {"Gradient": "Default", "Pattern": "Pine", "rw2": {"Heat": {"Net": {"Opacity": 70.0, "Mode": "Difference"}}}, "Random Seed": 0.0, "rw1": {"Mask": {"Angle": 0.0, "Vertical Scale": 1.0, "Corner Type": "Cut Corner", "Random Seed": 0.0, "rw1": {"Brush, Group": {"Opacity": 100.0, "Brush Size": 100.0, "Angle Jitter": 0.0, "Random Seed": 0.0, "Upscale": 0.0, "Brush": "C_Normal Brush 80", "Brush Spacing": 100.0, "Up Space": 0.0, "Brush Angle": 0.0, "Hardness": 1.0}, "Image, Choice": {"Folder Order": 0, "Slice Order": 0, "Slice": 0, "Tab": 1.0, "Image Name": "", "Column": 1.0, "Random Seed": 0.0, "Layer Order": 0, "Switch": 0, "Layered": 0, "File": "", "Filter": "", "Auto-Crop": 0, "Folder": "", "Type": "Next", "Loop": 0, "Row": 1.0}}, "Rectangle Type": "Rectangle", "Feather": 0.0, "Type": "Circle", "Pupil Scale": 0.33, "Horizontal Scale": 1.0, "Amp": 3.0, "Invert": 0, "Parallelogram Scale": 0.5, "Smooth": 4.0, "Contract": 0.0, "Hexagon Type": "Hexagon", "Switch": 0, "Steps": 6.0, "Octagon Type": "Octagon", "Triangle Type": "Triangle, Up, Regular", "Text": "", "Gradient Angle": "Top-center to Bottom-center", "Gradient Type": "Linear", "Font": "Tahoma"}, "Mod": {"Flip Horizontal": 0, "Saturation": 0.0, "Brightness": 0.0, "Invert": 0, "Flip Vertical": 0, "Switch": 0, "Blur, Group": {"Size Y": 0.0, "Size X": 0.0, "Switch": 0, "Percentile": 50.0, "Radius": 3, "Type": 0, "Alpha Percentile": 50.0}, "Contrast": 0.0}}, "Switch": 1, "Image, Choice": {"Folder Order": 0, "Slice Order": 0, "Slice": 0, "Tab": 1.0, "Image Name": "", "Column": 1.0, "Random Seed": 0.0, "Layer Order": 0, "Switch": 0, "Layered": 0, "File": "", "Filter": "", "Auto-Crop": 0, "Folder": "", "Type": "Next", "Loop": 0, "Row": 1.0}, "Gradient Type": "Linear", "Color, 1": [0, 0, 0], "Gradient Angle": "Top-center to Bottom-center", "Type": "Clouds"}, "Global": {"Render Height": 1200.0, "Work in Progress": 1.3, "Light Azimuth": 45.0, "Random Seed": 0.0, "rw1": {"Delete Plan": 0, "Hide Layer": 0}, "Render Width": 1200.0, "Elevation": 13.0}, "Accent": {"Switch": 1, "Option List": {"Back Game": {"Opacity": 100.0, "Triangle": 1.0, "brw": {"Add": {"Color": {"Opacity": 100.0, "Switch": 0, "Color, 1": [0, 255, 0], "Mode": "LCH Color"}, "rw1": {"Bump": {"Opacity": 80.0, "Noise": 0.0, "Invert": 1, "Switch": 1, "Amount": 1.0, "Depth": 1.0, "Blur Y": 13.8, "Blur X": 4.2, "Type": "Edge", "Mode": "Subtract"}, "Noise, Group": {"Opacity": 100.0, "Noise Amount": 2.0, "Opaque": 0, "brw": {"Bump": {"Opacity": 100.0, "Noise": 0.07, "Invert": 0, "Switch": 0, "Amount": 1.0, "Blur Y": 6.0, "Mode": "Overlay", "Type": "Noise", "Depth": 1.0, "Blur X": 48.0}, "Mod": {"Flip Horizontal": 0, "Saturation": 0.0, "Brightness": 0.0, "Invert": 0, "Flip Vertical": 0, "Switch": 0, "Blur, Group": {"Size Y": 0.0, "Size X": 0.0, "Switch": 0, "Percentile": 50.0, "Radius": 3, "Type": 0, "Alpha Percentile": 50.0}, "Contrast": 0.0}}, "Speck Noise": 0.22, "Random Seed": 0.0, "Switch": 0, "Length": 4.0, "Mode": "Normal", "Radius": 10, "Type": "Ink"}}, "Switch": 1, "brw": {"Below": {"Opacity": 100.0, "Opaque": 0, "Switch": 0, "Mode": "Normal", "Type": "Mask", "Mod": {"Flip Horizontal": 0, "Saturation": 0.0, "Brightness": 0.0, "Invert": 0, "Flip Vertical": 0, "Switch": 0, "Blur, Group": {"Size Y": 0.0, "Size X": 0.0, "Switch": 0, "Percentile": 50.0, "Radius": 3, "Type": 0, "Alpha Percentile": 50.0}, "Contrast": 0.0}}, "Shadow": {"Inner Shadow": {"Offset Y": 0.0, "Offset X": 0.0, "Switch": 0, "Intensity": 0.0, "Mode": "Normal", "Blur": 15.0, "Color, 1": [0, 0, 0]}, "Switch, Shadow": {"Switch": 0}, "Shadow #1": {"Offset Y": 0.0, "Offset X": 0.0, "Switch": 0, "Intensity": 0.0, "Mode": "Normal", "Blur": 15.0, "Color, 1": [0, 0, 0]}, "Shadow #2": {"Offset Y": 0.0, "Offset X": 0.0, "Switch": 0, "Intensity": 0.0, "Mode": "Normal", "Blur": 15.0, "Color, 1": [0, 0, 0]}}}}, "Mod": {"Flip Horizontal": 0, "Saturation": -20.0, "Brightness": -30.0, "Invert": 0, "Flip Vertical": 0, "Switch": 1, "Blur, Group": {"Size Y": 0.0, "Size X": 0.0, "Switch": 0, "Percentile": 50.0, "Radius": 3, "Type": 0, "Alpha Percentile": 50.0}, "Contrast": 0.0}}, "Mean Color": 1, "Mode": "HSV Hue", "Horizontal": 1, "Color, 2A": [[170, 221, 165, 242], [223, 223, 167, 249]]}}}, "Background": {"Gradient": "Default", "Pattern": "Pine", "Random Seed": 0.0, "rw1": {"Add, Above": {"brw": {"Bump": {"Opacity": 45.6, "Noise": 0.342, "Invert": 0, "Switch": 1, "Amount": 6.0, "Depth": 1.0, "Blur Y": 3.5, "Blur X": 15.4, "Type": "Nano", "Mode": "Addition"}, "Noise, Group": {"Opacity": 100.0, "Noise Amount": 2.0, "Opaque": 0, "brw": {"Bump": {"Opacity": 100.0, "Noise": 0.07, "Invert": 0, "Switch": 0, "Amount": 1.0, "Blur Y": 6.0, "Mode": "Overlay", "Type": "Noise", "Depth": 1.0, "Blur X": 48.0}, "Mod": {"Flip Horizontal": 0, "Saturation": 0.0, "Brightness": 0.0, "Invert": 0, "Flip Vertical": 0, "Switch": 0, "Blur, Group": {"Size Y": 0.0, "Size X": 0.0, "Switch": 0, "Percentile": 50.0, "Radius": 3, "Type": 0, "Alpha Percentile": 50.0}, "Contrast": 0.0}}, "Speck Noise": 0.22, "Random Seed": 0.0, "Switch": 0, "Length": 5.0, "Mode": "Normal", "Radius": 5, "Type": "Ink"}}, "rw1": {"Color": {"Opacity": 20.0, "Switch": 1, "Color, 1": [100, 233, 255], "Mode": "LCH Color"}, "Inset": {"Offset Y": 0.0, "Offset X": 0.0, "Intensity": 48.0, "Switch": 1, "Mode": "Subtract", "Blur": 300.1, "Color, 1": [9, 5, 250]}}, "Switch": 1}, "Mod": {"Flip Horizontal": 0, "Saturation": -40.0, "Brightness": 33.2, "Invert": 1, "Flip Vertical": 0, "Switch": 1, "Blur, Group": {"Size Y": 500.0, "Size X": 50.0, "Switch": 1, "Percentile": 50.0, "Radius": 3, "Type": 0, "Alpha Percentile": 50.0}, "Contrast": -13.0}}, "Image, Choice": {"Folder Order": 0, "Slice Order": 0, "Slice": 0, "Tab": 1.0, "Image Name": "", "Column": 1.0, "Random Seed": 0.0, "Layer Order": 0, "Switch": 0, "Layered": 0, "File": "", "Filter": "", "Auto-Crop": 0, "Folder": "", "Type": "Next", "Loop": 0, "Row": 1.0}, "Gradient Type": "Linear", "Color, 1": [0, 0, 0], "Gradient Angle": "Top-center to Bottom-center", "Type": "Plasma"}, "Model": {"Model List": {"Active": {"Cell.Cell.Type": {"Cell Shape": "Rectangle", "Parallelogram Scale": 0.7}, "Cell": {"Node": {"selected_row": 1}}, "Cell.Cell.Rectangle": {"Position Y": 0.0, "Position X": 0.0, "Cell Width": [0.0, 1.0], "Cell Height": [0.0, 1.0]}, "Cell.Property": {"Font Size": 12.0, "Planner": {"Ratio": 0, "Name": 0, "Position": 0, "Margin": 0, "Image": 0, "Fringe": 0, "Caption": 0, "Grid": 0, "Cell Shape": 0, "Corner": 0, "Line": 0, "Border": 0, "Dimension": 0, "Plaque": 0}, "model type": null}, "Cell.Cell.Image": {"Opacity": 100.0, "Angle": 0.0, "Obey Margin": 1, "brw": {"Add": {"Color": {"Opacity": 100.0, "Switch": 0, "Color, 1": [0, 255, 0], "Mode": "LCH Color"}, "rw1": {"Bump": {"Opacity": 100.0, "Noise": 0.07, "Invert": 0, "Switch": 0, "Amount": 1.0, "Blur Y": 6.0, "Mode": "Overlay", "Type": "Noise", "Depth": 1.0, "Blur X": 48.0}, "Noise, Group": {"Opacity": 100.0, "Noise Amount": 2.0, "Opaque": 0, "brw": {"Bump": {"Opacity": 100.0, "Noise": 0.07, "Invert": 0, "Switch": 0, "Amount": 1.0, "Blur Y": 6.0, "Mode": "Overlay", "Type": "Noise", "Depth": 1.0, "Blur X": 48.0}, "Mod": {"Flip Horizontal": 0, "Saturation": 0.0, "Brightness": 0.0, "Invert": 0, "Flip Vertical": 0, "Switch": 0, "Blur, Group": {"Size Y": 0.0, "Size X": 0.0, "Switch": 0, "Percentile": 50.0, "Radius": 3, "Type": 0, "Alpha Percentile": 50.0}, "Contrast": 0.0}}, "Speck Noise": 0.22, "Random Seed": 0.0, "Switch": 0, "Length": 5.0, "Mode": "Normal", "Radius": 5, "Type": "Ink"}}, "Switch": 0, "brw": {"Below": {"Opacity": 100.0, "Opaque": 0, "Switch": 0, "Mode": "Normal", "Type": "Mask", "Mod": {"Flip Horizontal": 0, "Saturation": 0.0, "Brightness": 0.0, "Invert": 0, "Flip Vertical": 0, "Switch": 0, "Blur, Group": {"Size Y": 0.0, "Size X": 0.0, "Switch": 0, "Percentile": 50.0, "Radius": 3, "Type": 0, "Alpha Percentile": 50.0}, "Contrast": 0.0}}, "Shadow": {"Inner Shadow": {"Offset Y": 0.0, "Offset X": 0.0, "Switch": 0, "Intensity": 0.0, "Mode": "Normal", "Blur": 15.0, "Color, 1": [0, 0, 0]}, "Switch, Shadow": {"Switch": 0}, "Shadow #1": {"Offset Y": 0.0, "Offset X": 0.0, "Switch": 0, "Intensity": 0.0, "Mode": "Normal", "Blur": 15.0, "Color, 1": [0, 0, 0]}, "Shadow #2": {"Offset Y": 0.0, "Offset X": 0.0, "Switch": 0, "Intensity": 0.0, "Mode": "Normal", "Blur": 15.0, "Color, 1": [0, 0, 0]}}}}, "Frame": {"Switch": 1, "Option List": {"Glue": {"brw": {"Add": {"Color": {"Opacity": 100.0, "Switch": 0, "Color, 1": [0, 255, 0], "Mode": "LCH Color"}, "rw1": {"Bump": {"Opacity": 100.0, "Noise": 0.07, "Invert": 0, "Switch": 0, "Amount": 1.0, "Blur Y": 6.0, "Mode": "Overlay", "Type": "Noise", "Depth": 1.0, "Blur X": 48.0}, "Noise, Group": {"Opacity": 100.0, "Noise Amount": 2.0, "Opaque": 0, "brw": {"Bump": {"Opacity": 100.0, "Noise": 0.07, "Invert": 0, "Switch": 0, "Amount": 1.0, "Blur Y": 6.0, "Mode": "Overlay", "Type": "Noise", "Depth": 1.0, "Blur X": 48.0}, "Mod": {"Flip Horizontal": 0, "Saturation": 0.0, "Brightness": 0.0, "Invert": 0, "Flip Vertical": 0, "Switch": 0, "Blur, Group": {"Size Y": 0.0, "Size X": 0.0, "Switch": 0, "Percentile": 50.0, "Radius": 3, "Type": 0, "Alpha Percentile": 50.0}, "Contrast": 0.0}}, "Speck Noise": 0.22, "Random Seed": 0.0, "Switch": 0, "Length": 4.0, "Mode": "Normal", "Radius": 10, "Type": "Ink"}}, "Switch": 1, "brw": {"Below": {"Opacity": 100.0, "Opaque": 0, "Switch": 1, "Mode": "Normal", "Type": "Mask", "Mod": {"Flip Horizontal": 0, "Saturation": 0.0, "Brightness": 0.0, "Invert": 0, "Flip Vertical": 0, "Switch": 1, "Blur, Group": {"Size Y": 7.0, "Size X": 7.0, "Switch": 1, "Percentile": 50.0, "Radius": 3, "Type": 0, "Alpha Percentile": 50.0}, "Contrast": 0.0}}, "Shadow": {"Inner Shadow": {"Offset Y": 0.0, "Offset X": 0.0, "Switch": 0, "Intensity": 0.0, "Mode": "Normal", "Blur": 15.0, "Color, 1": [0, 0, 0]}, "Shadow": {"Node": {"selected_row": 1}}, "Switch, Shadow": {"Switch": 1}, "Shadow #2": {"Offset Y": 0.0, "Offset X": 0.0, "Switch": 0, "Intensity": 0.0, "Mode": "Normal", "Blur": 15.0, "Color, 1": [0, 0, 0]}, "Shadow #1": {"Offset Y": 0.0, "Offset X": 0.0, "Switch": 1, "Intensity": 50.0, "Mode": "Normal", "Blur": 6.0, "Color, 1": [0, 0, 0]}}}}, "Wrap, Glue": {"Opacity": 50.0, "Clip": 0, "Period": 72.0, "Soften": 3.0, "Width": 8.0, "Mode": "Overlay", "Amplitude": 5.0, "Phase": 0.0, "Random Seed": 0.0}}}}}, "Mod": {"Flip Horizontal": 0, "Saturation": 0.0, "Brightness": 0.0, "Invert": 0, "Flip Vertical": 0, "Switch": 0, "Blur, Group": {"Size Y": 0.0, "Size X": 0.0, "Switch": 0, "Percentile": 50.0, "Radius": 3, "Type": 0, "Alpha Percentile": 50.0}, "Contrast": 0.0}}, "Per": {}, "rw1": {"Image, Choice": {"Folder Order": 0, "Slice Order": 0, "Slice": 0, "Tab": 1.0, "Image Name": "[0024502314] (imported)-1", "Column": 1.0, "Row": 1.0, "Random Seed": 0.0, "Layer Order": 0, "Switch": 1, "Layered": 0, "File": "", "Filter": "", "Auto-Crop": 0, "Folder": "", "Next": null, "Type": "Loop", "Loop": 0, "Previous": null}, "Mask": {"Angle": 0.0, "Vertical Scale": 0.9, "Corner Type": "Cut Corner", "Random Seed": 0.0, "rw1": {"Brush, Group": {"Opacity": 100.0, "Brush Size": 100.0, "Angle Jitter": 0.0, "Random Seed": 0.0, "Upscale": 0.0, "Brush": "C_Normal Brush 80", "Brush Spacing": 100.0, "Up Space": 0.0, "Brush Angle": 0.0, "Hardness": 1.0}, "Image, Choice": {"Folder Order": 0, "Slice Order": 0, "Slice": 0, "File": "", "Image Name": "", "Column": 1.0, "Random Seed": 0.0, "Layer Order": 0, "Switch": 0, "Layered": 0, "Tab": 1.0, "Filter": "", "Auto-Crop": 0, "Folder": "", "Type": "Next", "Loop": 0, "Row": 1.0}}, "Rectangle Type": "Rectangle", "Feather": 0.0, "Type": "Rectangle", "Pupil Scale": 0.33, "Horizontal Scale": 0.9, "Amp": 3.0, "Invert": 0, "Parallelogram Scale": 0.5, "Smooth": 4.0, "Contract": 0.0, "Hexagon Type": "Hexagon", "Switch": 1, "Steps": 6.0, "Octagon Type": "Octagon", "Triangle Type": "Triangle, Up, Regular", "Text": "", "Gradient Angle": "Top-center to Bottom-center", "Gradient Type": "Linear", "Font": "Tahoma"}, "Resize": {"Width, Fixed": 200.0, "Crop Offset Y": 0.0, "Height, Fixed": 200.0, "Crop Height": 200.0, "Crop Offset X": 0.0, "Height": 1.0, "Width": 1.0, "Crop Width": 200.0, "Type": "Locked"}}, "Switch": 1, "Mode": "Normal", "Justify": "Center"}, "Cell.Cell": {"Node": {"selected_row": 2}}}, "Shelf": {}, "Model": {"Cell": "Cell"}}}}