{"": {"Node": {"selected_row": 6}}, "Light": {"Gradient": "Default", "Pattern": "Pine", "rw2": {"Heat": {"Net": {"Opacity": 44.0, "Mode": "Hard Light"}}}, "Random Seed": 0.0, "rw1": {"Mask": {"Angle": 0.0, "Vertical Scale": 1.0, "Corner Type": "Cut Corner", "Random Seed": 0.0, "rw1": {"Brush, Group": {"Opacity": 100.0, "Brush Size": 100.0, "Angle Jitter": 0.0, "Random Seed": 0.0, "Upscale": 0.0, "Brush": "C_Normal Brush 80", "Brush Spacing": 100.0, "Up Space": 0.0, "Brush Angle": 0.0, "Hardness": 1.0}, "Image, Choice": {"Folder Order": 0, "Slice Order": 0, "Slice": 0, "Tab": 1.0, "Image Name": "", "Column": 1.0, "Random Seed": 0.0, "Layer Order": 0, "Switch": 0, "Layered": 0, "File": "", "Filter": "", "Auto-Crop": 0, "Folder": "", "Type": "Next", "Loop": 0, "Row": 1.0}}, "Rectangle Type": "Rectangle", "Feather": 0.0, "Type": "Circle", "Pupil Scale": 0.33, "Horizontal Scale": 1.0, "Amp": 3.0, "Invert": 0, "Parallelogram Scale": 0.5, "Smooth": 4.0, "Contract": 0.0, "Hexagon Type": "Hexagon", "Switch": 0, "Steps": 6.0, "Octagon Type": "Octagon", "Triangle Type": "Triangle, Up, Regular", "Text": "", "Gradient Angle": "Top-center to Bottom-center", "Gradient Type": "Linear", "Font": "Tahoma"}, "Mod": {"Flip Horizontal": 0, "Saturation": 0.0, "Brightness": 0.0, "Invert": 0, "Flip Vertical": 0, "Switch": 0, "Blur, Group": {"Size Y": 0.0, "Size X": 0.0, "Switch": 0, "Percentile": 50.0, "Radius": 3, "Type": 0, "Alpha Percentile": 50.0}, "Contrast": 0.0}}, "Switch": 1, "Image, Choice": {"Folder Order": 0, "Slice Order": 0, "Slice": 0, "Tab": 1.0, "Image Name": "", "Column": 1.0, "Random Seed": 0.0, "Layer Order": 0, "Switch": 0, "Layered": 0, "File": "", "Filter": "", "Auto-Crop": 0, "Folder": "", "Type": "Next", "Loop": 0, "Row": 1.0}, "Gradient Type": "Linear", "Color, 1": [0, 0, 0], "Gradient Angle": "Top-center to Bottom-center", "Type": "Clouds"}, "Global": {"Render Height": 1200.0, "Work in Progress": 1.5, "Light Azimuth": 69.6, "Random Seed": 46849.0, "rw1": {"Delete Plan": 1, "Hide Layer": 0}, "Render Width": 1200.0, "Elevation": 20.1}, "Accent": {"Switch": 0, "Option List": {"Lost Maze": {"Opacity": 100.0, "Reverse": 1, "Column": 47.0, "Offset": 5.0, "Random Seed": 64235.0, "rw1": {"Gradient": "4 Mineral", "Mod": {"Flip Horizontal": 0, "Saturation": 0.0, "Brightness": 0.0, "Invert": 0, "Flip Vertical": 0, "Switch": 0, "Blur, Group": {"Size Y": 0.0, "Size X": 0.0, "Switch": 0, "Percentile": 50.0, "Radius": 3, "Type": 0, "Alpha Percentile": 50.0}, "Contrast": 0.0}}, "Mode": "Normal", "Blur, Group": {"Size Y": 500.0, "Size X": 10.0, "Switch": 1, "Percentile": 50.0, "Radius": 100.0, "Type": 0, "Alpha Percentile": 50.0}, "Gradient Angle": "Top-right to Bottom-left", "brw": {"Add": {"Color": {"Opacity": 100.0, "Switch": 0, "Color, 1": [0, 255, 0], "Mode": "LCH Color"}, "rw1": {"Bump": {"Opacity": 100.0, "Noise": 0.07, "Invert": 0, "Switch": 0, "Amount": 1.0, "Blur Y": 6.0, "Mode": "Overlay", "Type": "Noise", "Depth": 1.0, "Blur X": 48.0}, "Noise, Group": {"Opacity": 100.0, "Noise Amount": 2.0, "Opaque": 0, "brw": {"Bump": {"Opacity": 100.0, "Noise": 0.07, "Invert": 0, "Switch": 0, "Amount": 1.0, "Blur Y": 6.0, "Mode": "Overlay", "Type": "Noise", "Depth": 1.0, "Blur X": 48.0}, "Mod": {"Flip Horizontal": 0, "Saturation": 0.0, "Brightness": 0.0, "Invert": 0, "Flip Vertical": 0, "Switch": 0, "Blur, Group": {"Size Y": 0.0, "Size X": 0.0, "Switch": 0, "Percentile": 50.0, "Radius": 3, "Type": 0, "Alpha Percentile": 50.0}, "Contrast": 0.0}}, "Speck Noise": 0.22, "Random Seed": 0.0, "Switch": 0, "Length": 5.0, "Mode": "Normal", "Radius": 5, "Type": "Ink"}}, "Switch": 0, "brw": {"Below": {"Opacity": 100.0, "Opaque": 0, "Switch": 0, "Mode": "Normal", "Type": "Mask", "Mod": {"Flip Horizontal": 0, "Saturation": 0.0, "Brightness": 0.0, "Invert": 0, "Flip Vertical": 0, "Switch": 0, "Blur, Group": {"Size Y": 0.0, "Size X": 0.0, "Switch": 0, "Percentile": 50.0, "Radius": 3, "Type": 0, "Alpha Percentile": 50.0}, "Contrast": 0.0}}, "Shadow": {"Inner Shadow": {"Offset Y": 0.0, "Offset X": 0.0, "Intensity": 0.0, "Switch": 0, "Mode": "Normal", "Blur": 15.0, "Color, 1": [0, 0, 0]}, "Switch, Shadow": {"Switch": 0}, "Shadow #1": {"Offset Y": 0.0, "Offset X": 0.0, "Intensity": 0.0, "Switch": 0, "Mode": "Normal", "Blur": 15.0, "Color, 1": [0, 0, 0]}, "Shadow #2": {"Offset Y": 0.0, "Offset X": 0.0, "Intensity": 0.0, "Switch": 0, "Mode": "Normal", "Blur": 15.0, "Color, 1": [0, 0, 0]}}}}}, "Row": 4.0}}}, "Background": {"Gradient": "Default", "Pattern": "Pine", "Random Seed": 0.0, "rw1": {"Add, Above": {"brw": {"Bump": {"Opacity": 12.6, "Noise": 0.722, "Invert": 1, "Switch": 0, "Amount": 8.0, "Depth": 2.0, "Blur Y": 5.1, "Blur X": 3.1, "Type": "Nano", "Mode": "Luminance"}, "Noise, Group": {"Opacity": 9.0, "Noise Amount": 2.0, "Opaque": 0, "brw": {"Bump": {"Opacity": 20.0, "Noise": 0.07, "Invert": 0, "Switch": 1, "Amount": 1.0, "Depth": 1.0, "Blur Y": 6.0, "Blur X": 48.0, "Type": "Edge", "Mode": "Overlay"}, "Mod": {"Flip Horizontal": 0, "Saturation": 0.0, "Brightness": 0.0, "Invert": 0, "Flip Vertical": 0, "Switch": 0, "Blur, Group": {"Size Y": 0.0, "Size X": 0.0, "Switch": 0, "Percentile": 50.0, "Radius": 3, "Type": 0, "Alpha Percentile": 50.0}, "Contrast": 0.0}}, "Speck Noise": 0.22, "Random Seed": 0.0, "Switch": 1, "Length": 5.0, "Mode": "Grain Merge", "Radius": 5, "Type": "Ink"}}, "rw1": {"Color": {"Opacity": 63.0, "Switch": 1, "Color, 1": [144, 84, 84], "Mode": "Burn"}, "Inset": {"Offset Y": 0.0, "Offset X": 0.0, "Intensity": 77.0, "Switch": 1, "Mode": "Dissolve", "Blur": 100.0, "Color, 1": [144, 84, 44]}}, "Switch": 1}, "Mod": {"Flip Horizontal": 0, "Saturation": 0.0, "Brightness": 23.2, "Invert": 0, "Flip Vertical": 0, "Switch": 1, "Blur, Group": {"Size Y": 500.0, "Size X": 25.0, "Switch": 1, "Percentile": 50.0, "Radius": 3, "Type": 0, "Alpha Percentile": 50.0}, "Contrast": -13.0}}, "Image, Choice": {"Folder Order": 0, "Slice Order": 0, "Slice": 0, "Tab": 1.0, "Image Name": "", "Column": 1.0, "Random Seed": 0.0, "Layer Order": 0, "Switch": 0, "Layered": 0, "File": "", "Filter": "", "Auto-Crop": 0, "Folder": "", "Type": "Next", "Loop": 0, "Row": 1.0}, "Gradient Type": "Linear", "Color, 1": [0, 0, 0], "Gradient Angle": "Top-center to Bottom-center", "Type": "Clouds"}, "Model": {"Model List": {"Active": {"Cell.Cell.Image": {"Opacity": 100.0, "Angle": 0.0, "Obey Margin": 1, "brw": {"Add": {"Color": {"Opacity": 100.0, "Switch": 0, "Color, 1": [0, 255, 0], "Mode": "LCH Color"}, "rw1": {"Bump": {"Opacity": 100.0, "Noise": 0.07, "Invert": 0, "Switch": 0, "Amount": 1.0, "Blur Y": 6.0, "Mode": "Overlay", "Type": "Noise", "Depth": 1.0, "Blur X": 48.0}, "Noise, Group": {"Opacity": 100.0, "Noise Amount": 2.0, "Opaque": 0, "brw": {"Bump": {"Opacity": 100.0, "Noise": 0.07, "Invert": 0, "Switch": 0, "Amount": 1.0, "Blur Y": 6.0, "Mode": "Overlay", "Type": "Noise", "Depth": 1.0, "Blur X": 48.0}, "Mod": {"Flip Horizontal": 0, "Saturation": 0.0, "Brightness": 0.0, "Invert": 0, "Flip Vertical": 0, "Switch": 0, "Blur, Group": {"Size Y": 0.0, "Size X": 0.0, "Switch": 0, "Percentile": 50.0, "Radius": 3, "Type": 0, "Alpha Percentile": 50.0}, "Contrast": 0.0}}, "Speck Noise": 0.22, "Random Seed": 0.0, "Switch": 0, "Length": 5.0, "Mode": "Normal", "Radius": 5, "Type": "Ink"}}, "Switch": 0, "brw": {"Below": {"Opacity": 100.0, "Opaque": 0, "Switch": 0, "Mode": "Normal", "Type": "Mask", "Mod": {"Flip Horizontal": 0, "Saturation": 0.0, "Brightness": 0.0, "Invert": 0, "Flip Vertical": 0, "Switch": 0, "Blur, Group": {"Size Y": 0.0, "Size X": 0.0, "Switch": 0, "Percentile": 50.0, "Radius": 3, "Type": 0, "Alpha Percentile": 50.0}, "Contrast": 0.0}}, "Shadow": {"Inner Shadow": {"Offset Y": 0.0, "Offset X": 0.0, "Switch": 0, "Intensity": 0.0, "Mode": "Normal", "Blur": 15.0, "Color, 1": [0, 0, 0]}, "Switch, Shadow": {"Switch": 0}, "Shadow #1": {"Offset Y": 0.0, "Offset X": 0.0, "Switch": 0, "Intensity": 0.0, "Mode": "Normal", "Blur": 15.0, "Color, 1": [0, 0, 0]}, "Shadow #2": {"Offset Y": 0.0, "Offset X": 0.0, "Switch": 0, "Intensity": 0.0, "Mode": "Normal", "Blur": 15.0, "Color, 1": [0, 0, 0]}}}}, "Frame": {"Switch": 1, "Option List": {"Camo": {"brw": {"Wrap, Above": {"Opacity": 100.0, "Width": 50.0, "Mode": "Normal", "Color, 1": [230, 168, 190], "Emboss": {"Switch": 1, "Pre-Blur": 5.0, "Depth": 8.0, "Mode": "Dissolve", "Post Blur": 3.0, "Contrast": -26.0}, "Type": "Rounded", "Add, Above": {"brw": {"Bump": {"Opacity": 100.0, "Noise": 0.07, "Invert": 0, "Switch": 0, "Amount": 1.0, "Blur Y": 6.0, "Mode": "Overlay", "Type": "Noise", "Depth": 1.0, "Blur X": 48.0}, "Noise, Group": {"Opacity": 100.0, "Noise Amount": 2.0, "Opaque": 0, "brw": {"Bump": {"Opacity": 100.0, "Noise": 0.07, "Invert": 0, "Switch": 0, "Amount": 1.0, "Blur Y": 6.0, "Mode": "Overlay", "Type": "Noise", "Depth": 1.0, "Blur X": 48.0}, "Mod": {"Flip Horizontal": 0, "Saturation": 0.0, "Brightness": 0.0, "Invert": 0, "Flip Vertical": 0, "Switch": 0, "Blur, Group": {"Size Y": 0.0, "Size X": 0.0, "Switch": 0, "Percentile": 50.0, "Radius": 3, "Type": 0, "Alpha Percentile": 50.0}, "Contrast": 0.0}}, "Speck Noise": 0.22, "Random Seed": 0.0, "Switch": 1, "Length": 3.0, "Mode": "Normal", "Radius": 15.0, "Type": "Drip"}}, "rw1": {"Color": {"Opacity": 100.0, "Switch": 0, "Color, 1": [0, 255, 0], "Mode": "LCH Color"}, "Inset": {"Offset Y": 0.0, "Offset X": 0.0, "Switch": 0, "Intensity": 0.0, "Mode": "Normal", "Blur": 15.0, "Color, 1": [0, 0, 0]}}, "Switch": 1}}, "Overlay, Camo": {"Opacity": 20.0, "Camo Type": "Purple", "Saturation": -23.0, "Random Seed": 17568.0, "Mode": "Soft Light", "Add, Above": {"brw": {"Bump": {"Opacity": 100.0, "Noise": 0.07, "Invert": 0, "Switch": 0, "Amount": 1.0, "Blur Y": 6.0, "Mode": "Overlay", "Type": "Noise", "Depth": 1.0, "Blur X": 48.0}, "Noise, Group": {"Opacity": 42.0, "Noise Amount": 6.0, "Opaque": 0, "brw": {"Bump": {"Opacity": 100.0, "Noise": 0.07, "Invert": 0, "Switch": 0, "Amount": 1.0, "Blur Y": 6.0, "Mode": "Overlay", "Type": "Noise", "Depth": 1.0, "Blur X": 48.0}, "Mod": {"Flip Horizontal": 0, "Saturation": 0.0, "Brightness": 0.0, "Invert": 0, "Flip Vertical": 0, "Switch": 0, "Blur, Group": {"Size Y": 0.0, "Size X": 0.0, "Switch": 0, "Percentile": 50.0, "Radius": 3, "Type": 0, "Alpha Percentile": 50.0}, "Contrast": 0.0}}, "Speck Noise": 0.059, "Random Seed": 78193.0, "Switch": 1, "Length": 10.0, "Mode": "Overlay", "Radius": 1055.0, "Type": "Rift"}}, "rw1": {"Color": {"Opacity": 100.0, "Switch": 0, "Color, 1": [0, 255, 0], "Mode": "LCH Color"}, "Inset": {"Offset Y": 0.0, "Offset X": 0.0, "Switch": 0, "Intensity": 0.0, "Mode": "Normal", "Blur": 15.0, "Color, 1": [0, 0, 0]}}, "Switch": 1}}}, "rw1": {"Shadow": {"Inner Shadow": {"Offset Y": 0.0, "Offset X": 0.0, "Switch": 1, "Intensity": 100.0, "Mode": "Normal", "Blur": 11.0, "Color, 1": [0, 0, 0]}, "Shadow": {"Node": {"selected_row": 3}}, "Switch, Shadow": {"Switch": 1}, "Shadow #2": {"Offset Y": 25.0, "Offset X": -5.0, "Switch": 1, "Intensity": 50.0, "Mode": "Normal", "Blur": 10.0, "Color, 1": [0, 0, 0]}, "Shadow #1": {"Offset Y": -6.0, "Offset X": 0.0, "Switch": 1, "Intensity": 25.0, "Mode": "Normal", "Blur": 7.0, "Color, 1": [0, 0, 0]}}, "Below": {"Opacity": 100.0, "Opaque": 0, "Switch": 0, "Mode": "Normal", "Type": "Mask", "Mod": {"Flip Horizontal": 0, "Saturation": 0.0, "Brightness": 0.0, "Invert": 0, "Flip Vertical": 0, "Switch": 0, "Blur, Group": {"Size Y": 0.0, "Size X": 0.0, "Switch": 0, "Percentile": 50.0, "Radius": 3, "Type": 0, "Alpha Percentile": 50.0}, "Contrast": 0.0}}}}}}, "Mod": {"Flip Horizontal": 0, "Saturation": 0.0, "Brightness": 0.0, "Invert": 0, "Flip Vertical": 0, "Switch": 0, "Blur, Group": {"Size Y": 0.0, "Size X": 0.0, "Switch": 0, "Percentile": 50.0, "Radius": 3, "Type": 0, "Alpha Percentile": 50.0}, "Contrast": 0.0}}, "Per": {}, "rw1": {"Image, Choice": {"Folder Order": 0, "Slice Order": 0, "Slice": 0, "Tab": 1.0, "Image Name": "[0024502314] (imported)-1", "Column": 1.0, "Row": 1.0, "Random Seed": 0.0, "Layer Order": 0, "Switch": 1, "Layered": 0, "File": "", "Filter": "", "Auto-Crop": 0, "Folder": "", "Next": null, "Type": "Loop", "Loop": 0, "Previous": null}, "Mask": {"Angle": 0.0, "Vertical Scale": 0.9, "Corner Type": "Cut Corner", "Random Seed": 0.0, "rw1": {"Brush, Group": {"Opacity": 100.0, "Brush Size": 100.0, "Angle Jitter": 0.0, "Random Seed": 0.0, "Upscale": 0.0, "Brush": "C_Normal Brush 80", "Brush Spacing": 100.0, "Up Space": 0.0, "Brush Angle": 0.0, "Hardness": 1.0}, "Image, Choice": {"Folder Order": 0, "Slice Order": 0, "Slice": 0, "File": "", "Image Name": "", "Column": 1.0, "Random Seed": 0.0, "Layer Order": 0, "Switch": 0, "Layered": 0, "Tab": 1.0, "Filter": "", "Auto-Crop": 0, "Folder": "", "Type": "Next", "Loop": 0, "Row": 1.0}}, "Rectangle Type": "Rectangle", "Feather": 0.0, "Type": "Rectangle", "Pupil Scale": 0.33, "Horizontal Scale": 0.9, "Amp": 3.0, "Invert": 0, "Parallelogram Scale": 0.5, "Smooth": 4.0, "Contract": 0.0, "Hexagon Type": "Hexagon", "Switch": 1, "Steps": 6.0, "Octagon Type": "Octagon", "Triangle Type": "Triangle, Up, Regular", "Text": "", "Gradient Angle": "Top-center to Bottom-center", "Gradient Type": "Linear", "Font": "Tahoma"}, "Resize": {"Width, Fixed": 200.0, "Crop Offset Y": 0.0, "Height, Fixed": 200.0, "Crop Height": 200.0, "Crop Offset X": 0.0, "Height": 1.0, "Width": 1.0, "Crop Width": 200.0, "Type": "Locked"}}, "Switch": 1, "Mode": "Normal", "Justify": "Center"}, "Cell.Cell": {"Node": {"selected_row": 3}}, "Cell.Cell.Type": {"Cell Shape": "Rectangle", "Parallelogram Scale": 0.7}, "Cell": {"Node": {"selected_row": 1}}, "Cell.Cell.Rectangle": {"Position Y": 0.0, "Position X": 0.0, "Cell Width": [0.0, 1.0], "Cell Height": [0.0, 1.0]}, "Cell.Cell.Plaque": {"Opacity": 0.0, "Obey Margin": 0, "Gradient": "Default", "Pattern": "Pine", "Per": {}, "Random Seed": 0.0, "rw1": {"Image, Choice": {"Folder Order": 0, "Slice Order": 0, "Slice": 0, "File": "", "Image Name": "", "Column": 1.0, "Random Seed": 0.0, "Layer Order": 0, "Switch": 0, "Layered": 0, "Tab": 1.0, "Filter": "", "Auto-Crop": 0, "Folder": "", "Type": "Next", "Loop": 0, "Row": 1.0}, "Mask": {"Angle": 0.0, "Vertical Scale": 1.0, "Corner Type": "Cut Corner", "Random Seed": 0.0, "rw1": {"Brush, Group": {"Opacity": 100.0, "Brush Size": 100.0, "Angle Jitter": 0.0, "Random Seed": 0.0, "Upscale": 0.0, "Brush": "C_Normal Brush 80", "Brush Spacing": 100.0, "Up Space": 0.0, "Brush Angle": 0.0, "Hardness": 1.0}, "Image, Choice": {"Folder Order": 0, "Slice Order": 0, "Slice": 0, "File": "", "Image Name": "", "Column": 1.0, "Random Seed": 0.0, "Layer Order": 0, "Switch": 0, "Layered": 0, "Tab": 1.0, "Filter": "", "Auto-Crop": 0, "Folder": "", "Type": "Next", "Loop": 0, "Row": 1.0}}, "Rectangle Type": "Rectangle", "Feather": 0.0, "Type": "Circle", "Pupil Scale": 0.33, "Horizontal Scale": 1.0, "Amp": 3.0, "Invert": 0, "Parallelogram Scale": 0.5, "Smooth": 4.0, "Contract": 0.0, "Hexagon Type": "Hexagon", "Switch": 0, "Steps": 6.0, "Octagon Type": "Octagon", "Triangle Type": "Triangle, Up, Regular", "Text": "", "Gradient Angle": "Top-center to Bottom-center", "Gradient Type": "Linear", "Font": "Tahoma"}}, "Switch": 1, "Grid": {"Line Height": 4.0, "Width": 30, "Line Width": 4.0, "Height": 30}, "Mode": "Normal", "Color, 1": [255, 255, 255], "Gradient Angle": "Top-center to Bottom-center", "Type": "Color", "brw": {"Add": {"Color": {"Opacity": 100.0, "Switch": 0, "Color, 1": [0, 255, 0], "Mode": "LCH Color"}, "rw1": {"Bump": {"Opacity": 100.0, "Noise": 0.07, "Invert": 0, "Switch": 0, "Amount": 1.0, "Blur Y": 6.0, "Mode": "Overlay", "Type": "Noise", "Depth": 1.0, "Blur X": 48.0}, "Noise, Group": {"Opacity": 100.0, "Noise Amount": 2.0, "Opaque": 0, "brw": {"Bump": {"Opacity": 50.0, "Noise": 0.0, "Invert": 1, "Switch": 1, "Amount": 2.0, "Depth": 100.0, "Blur Y": 6.0, "Blur X": 48.0, "Type": "Edge", "Mode": "Linear Burn"}, "Mod": {"Flip Horizontal": 0, "Saturation": -70.0, "Brightness": 0.0, "Invert": 0, "Flip Vertical": 0, "Switch": 1, "Blur, Group": {"Size Y": 500.0, "Size X": 1.0, "Switch": 1, "Percentile": 50.0, "Radius": 3, "Type": 0, "Alpha Percentile": 50.0}, "Contrast": 0.0}}, "Speck Noise": 0.06, "Random Seed": 0.0, "Switch": 1, "Length": 4.0, "Mode": "Normal", "Radius": 10, "Type": "Speck"}}, "Switch": 1, "brw": {"Below": {"Opacity": 100.0, "Opaque": 0, "Switch": 0, "Mode": "Normal", "Type": "Mask", "Mod": {"Flip Horizontal": 0, "Saturation": 0.0, "Brightness": 0.0, "Invert": 0, "Flip Vertical": 0, "Switch": 0, "Blur, Group": {"Size Y": 0.0, "Size X": 0.0, "Switch": 0, "Percentile": 50.0, "Radius": 3, "Type": 0, "Alpha Percentile": 50.0}, "Contrast": 0.0}}, "Shadow": {"Inner Shadow": {"Offset Y": 0.0, "Offset X": 0.0, "Intensity": 50.0, "Switch": 1, "Mode": "Normal", "Blur": 66.0, "Color, 1": [0, 0, 0]}, "Shadow": {"Node": {"selected_row": 3}}, "Switch, Shadow": {"Switch": 1}, "Shadow #2": {"Offset Y": 0.0, "Offset X": 0.0, "Intensity": 0.0, "Switch": 0, "Mode": "Normal", "Blur": 15.0, "Color, 1": [0, 0, 0]}, "Shadow #1": {"Offset Y": 0.0, "Offset X": 0.0, "Intensity": 0.0, "Switch": 0, "Mode": "Normal", "Blur": 15.0, "Color, 1": [0, 0, 0]}}}}, "Frame": {"Switch": 0, "Option List": {"Basic": {"brw": {"Wrap": {"Opacity": 100.0, "Width": 12.0, "Mode": "Normal", "Color, 1": [127, 127, 127], "Emboss": {"Depth": 1.0, "Pre-Blur": 0.0, "Switch": 0, "Mode": "Overlay", "Post Blur": 0.0, "Contrast": 0.0}, "Type": "Rounded"}, "Add": {"Color": {"Opacity": 100.0, "Switch": 0, "Color, 1": [0, 255, 0], "Mode": "LCH Color"}, "rw1": {"Bump": {"Opacity": 100.0, "Noise": 0.07, "Invert": 0, "Switch": 0, "Amount": 1.0, "Blur Y": 6.0, "Mode": "Overlay", "Type": "Noise", "Depth": 1.0, "Blur X": 48.0}, "Noise, Group": {"Opacity": 100.0, "Noise Amount": 2.0, "Opaque": 0, "brw": {"Bump": {"Opacity": 100.0, "Noise": 0.07, "Invert": 0, "Switch": 0, "Amount": 1.0, "Blur Y": 6.0, "Mode": "Overlay", "Type": "Noise", "Depth": 1.0, "Blur X": 48.0}, "Mod": {"Flip Horizontal": 0, "Saturation": 0.0, "Brightness": 0.0, "Invert": 0, "Flip Vertical": 0, "Switch": 0, "Blur, Group": {"Size Y": 0.0, "Size X": 0.0, "Switch": 0, "Percentile": 50.0, "Radius": 3, "Type": 0, "Alpha Percentile": 50.0}, "Contrast": 0.0}}, "Speck Noise": 0.22, "Random Seed": 0.0, "Switch": 0, "Length": 4.0, "Mode": "Normal", "Radius": 10, "Type": "Ink"}}, "Switch": 0, "brw": {"Below": {"Opacity": 100.0, "Opaque": 0, "Switch": 0, "Mode": "Normal", "Type": "Mask", "Mod": {"Flip Horizontal": 0, "Saturation": 0.0, "Brightness": 0.0, "Invert": 0, "Flip Vertical": 0, "Switch": 0, "Blur, Group": {"Size Y": 0.0, "Size X": 0.0, "Switch": 0, "Percentile": 50.0, "Radius": 3, "Type": 0, "Alpha Percentile": 50.0}, "Contrast": 0.0}}, "Shadow": {"Inner Shadow": {"Offset Y": 0.0, "Offset X": 0.0, "Intensity": 0.0, "Switch": 0, "Mode": "Normal", "Blur": 15.0, "Color, 1": [0, 0, 0]}, "Switch, Shadow": {"Switch": 0}, "Shadow #1": {"Offset Y": 0.0, "Offset X": 0.0, "Intensity": 0.0, "Switch": 0, "Mode": "Normal", "Blur": 15.0, "Color, 1": [0, 0, 0]}, "Shadow #2": {"Offset Y": 0.0, "Offset X": 0.0, "Intensity": 0.0, "Switch": 0, "Mode": "Normal", "Blur": 15.0, "Color, 1": [0, 0, 0]}}}}}}}}, "Mod": {"Flip Horizontal": 0, "Saturation": 0.0, "Brightness": 0.0, "Invert": 0, "Flip Vertical": 0, "Switch": 0, "Blur, Group": {"Size Y": 0.0, "Size X": 0.0, "Switch": 0, "Percentile": 50.0, "Radius": 3, "Type": 0, "Alpha Percentile": 50.0}, "Contrast": 0.0}}, "Gradient Type": "Linear"}, "Cell.Cell.Border": {"Opacity": 0.0, "Obey Margin": 0, "Width": 66.0, "Gradient": "Default", "Pattern": "Pine", "Per": {}, "Random Seed": 0.0, "rw1": {"Frame": {"Switch": 0, "Option List": {"Basic": {"brw": {"Wrap": {"Opacity": 100.0, "Width": 12.0, "Mode": "Normal", "Color, 1": [127, 127, 127], "Emboss": {"Switch": 0, "Pre-Blur": 0.0, "Depth": 1.0, "Mode": "Overlay", "Post Blur": 0.0, "Contrast": 0.0}, "Type": "Rounded"}, "Add": {"Color": {"Opacity": 100.0, "Switch": 0, "Color, 1": [0, 255, 0], "Mode": "LCH Color"}, "rw1": {"Bump": {"Opacity": 100.0, "Noise": 0.07, "Invert": 0, "Switch": 0, "Amount": 1.0, "Blur Y": 6.0, "Mode": "Overlay", "Type": "Noise", "Depth": 1.0, "Blur X": 48.0}, "Noise, Group": {"Opacity": 100.0, "Noise Amount": 2.0, "Opaque": 0, "brw": {"Bump": {"Opacity": 100.0, "Noise": 0.07, "Invert": 0, "Switch": 0, "Amount": 1.0, "Blur Y": 6.0, "Mode": "Overlay", "Type": "Noise", "Depth": 1.0, "Blur X": 48.0}, "Mod": {"Flip Horizontal": 0, "Saturation": 0.0, "Brightness": 0.0, "Invert": 0, "Flip Vertical": 0, "Switch": 0, "Blur, Group": {"Size Y": 0.0, "Size X": 0.0, "Switch": 0, "Percentile": 50.0, "Radius": 3, "Type": 0, "Alpha Percentile": 50.0}, "Contrast": 0.0}}, "Speck Noise": 0.22, "Random Seed": 0.0, "Switch": 0, "Length": 4.0, "Mode": "Normal", "Radius": 10, "Type": "Ink"}}, "Switch": 0, "brw": {"Below": {"Opacity": 100.0, "Opaque": 0, "Switch": 0, "Mode": "Normal", "Type": "Mask", "Mod": {"Flip Horizontal": 0, "Saturation": 0.0, "Brightness": 0.0, "Invert": 0, "Flip Vertical": 0, "Switch": 0, "Blur, Group": {"Size Y": 0.0, "Size X": 0.0, "Switch": 0, "Percentile": 50.0, "Radius": 3, "Type": 0, "Alpha Percentile": 50.0}, "Contrast": 0.0}}, "Shadow": {"Inner Shadow": {"Offset Y": 0.0, "Offset X": 0.0, "Switch": 0, "Intensity": 0.0, "Mode": "Normal", "Blur": 15.0, "Color, 1": [0, 0, 0]}, "Switch, Shadow": {"Switch": 0}, "Shadow #1": {"Offset Y": 0.0, "Offset X": 0.0, "Switch": 0, "Intensity": 0.0, "Mode": "Normal", "Blur": 15.0, "Color, 1": [0, 0, 0]}, "Shadow #2": {"Offset Y": 0.0, "Offset X": 0.0, "Switch": 0, "Intensity": 0.0, "Mode": "Normal", "Blur": 15.0, "Color, 1": [0, 0, 0]}}}}}}}}, "Mask": {"Angle": 0.0, "Vertical Scale": 0.65, "Corner Type": "Cut Corner", "Random Seed": 0.0, "rw1": {"Brush, Group": {"Opacity": 100.0, "Brush Size": 100.0, "Angle Jitter": 0.0, "Random Seed": 0.0, "Upscale": 0.0, "Brush": "C_Normal Brush 80", "Brush Spacing": 100.0, "Up Space": 0.0, "Brush Angle": 0.0, "Hardness": 1.0}, "Image, Choice": {"Folder Order": 0, "Slice Order": 0, "Slice": 0, "File": "", "Image Name": "", "Column": 1.0, "Random Seed": 0.0, "Layer Order": 0, "Switch": 0, "Layered": 0, "Tab": 1.0, "Filter": "", "Auto-Crop": 0, "Folder": "", "Type": "Next", "Loop": 0, "Row": 1.0}}, "Rectangle Type": "Rectangle", "Feather": 0.0, "Type": "Corner", "Pupil Scale": 0.33, "Horizontal Scale": 0.65, "Amp": 3.0, "Invert": 0, "Parallelogram Scale": 0.5, "Smooth": 4.0, "Contract": 0.0, "Hexagon Type": "Hexagon", "Switch": 1, "Steps": 6.0, "Octagon Type": "Octagon", "Triangle Type": "Triangle, Up, Regular", "Text": "", "Gradient Angle": "Top-center to Bottom-center", "Gradient Type": "Linear", "Font": "Tahoma"}}, "Switch": 1, "Image, Choice": {"Folder Order": 0, "Slice Order": 0, "Slice": 0, "File": "", "Image Name": "", "Column": 1.0, "Random Seed": 0.0, "Layer Order": 0, "Switch": 0, "Layered": 0, "Tab": 1.0, "Filter": "", "Auto-Crop": 0, "Folder": "", "Type": "Next", "Loop": 0, "Row": 1.0}, "Grid": {"Line Height": 4.0, "Width": 30, "Line Width": 4.0, "Height": 30}, "Mode": "Normal", "Color, 1": [127, 127, 127], "Gradient Angle": "Top-center to Bottom-center", "Type": "Color", "brw": {"Add": {"Color": {"Opacity": 100.0, "Switch": 0, "Color, 1": [0, 255, 0], "Mode": "LCH Color"}, "rw1": {"Bump": {"Opacity": 5.0, "Noise": 0.0, "Invert": 0, "Switch": 0, "Amount": 1.0, "Depth": 2.0, "Blur Y": 6.0, "Blur X": 48.0, "Type": "Edge", "Mode": "Subtract"}, "Noise, Group": {"Opacity": 100.0, "Noise Amount": 2.0, "Opaque": 0, "brw": {"Bump": {"Opacity": 100.0, "Noise": 0.07, "Invert": 0, "Switch": 0, "Amount": 1.0, "Blur Y": 6.0, "Mode": "Overlay", "Type": "Noise", "Depth": 1.0, "Blur X": 48.0}, "Mod": {"Flip Horizontal": 0, "Saturation": 0.0, "Brightness": 0.0, "Invert": 0, "Flip Vertical": 0, "Switch": 0, "Blur, Group": {"Size Y": 0.0, "Size X": 0.0, "Switch": 0, "Percentile": 50.0, "Radius": 3, "Type": 0, "Alpha Percentile": 50.0}, "Contrast": 0.0}}, "Speck Noise": 0.22, "Random Seed": 0.0, "Switch": 0, "Length": 4.0, "Mode": "Normal", "Radius": 10, "Type": "Ink"}}, "Switch": 1, "brw": {"Below": {"Opacity": 100.0, "Opaque": 0, "Switch": 0, "Mode": "Normal", "Type": "Mask", "Mod": {"Flip Horizontal": 0, "Saturation": 0.0, "Brightness": 0.0, "Invert": 0, "Flip Vertical": 0, "Switch": 0, "Blur, Group": {"Size Y": 0.0, "Size X": 0.0, "Switch": 0, "Percentile": 50.0, "Radius": 3, "Type": 0, "Alpha Percentile": 50.0}, "Contrast": 0.0}}, "Shadow": {"Inner Shadow": {"Offset Y": 0.0, "Offset X": 0.0, "Intensity": 200.0, "Switch": 1, "Mode": "Dissolve", "Blur": 2.0, "Color, 1": [40, 50, 60]}, "Shadow": {"Node": {"selected_row": 3}}, "Switch, Shadow": {"Switch": 1}, "Shadow #2": {"Offset Y": 0.0, "Offset X": 0.0, "Intensity": 0.0, "Switch": 0, "Mode": "Normal", "Blur": 15.0, "Color, 1": [0, 0, 0]}, "Shadow #1": {"Offset Y": 0.0, "Offset X": 0.0, "Intensity": 0.0, "Switch": 0, "Mode": "Normal", "Blur": 15.0, "Color, 1": [0, 0, 0]}}}}, "Mod": {"Flip Horizontal": 0, "Saturation": 0.0, "Brightness": 0.0, "Invert": 0, "Flip Vertical": 0, "Switch": 0, "Blur, Group": {"Size Y": 0.0, "Size X": 0.0, "Switch": 0, "Percentile": 50.0, "Radius": 3, "Type": 0, "Alpha Percentile": 50.0}, "Contrast": 0.0}}, "Gradient Type": "Linear"}, "Cell.Property": {"Font Size": 12.0, "Planner": {"Ratio": 0, "Name": 0, "Position": 0, "Margin": 0, "Image": 0, "Fringe": 0, "Caption": 0, "Grid": 0, "Cell Shape": 0, "Corner": 0, "Line": 0, "Border": 0, "Dimension": 0, "Plaque": 0}, "model type": null}, "Cell.Cell.Margin": {"Right": [0, 0.05], "Bottom": [0, 0.05], "Top": [0, 0.05], "Per": {}, "Switch": 1, "Left": [0, 0.05]}}, "Shelf": {}, "Model": {"Cell": "Cell"}}}}