{"type": 1, "color_1": [0.6355806574471771, 0.9024059730014985, 0.6481855754356257, 1.0], "color_2": [0.522596288562074, 0.7498054953110572, 0.9043243931671524, 1.0], "color_3": [0.6162671355283079, 0.5073551769904897, 0.49811431003124573, 1.0], "pattern_1": "File written by Adobe Photoshop? 4.0 #11", "pattern_2": "NOCTUA Graphics Seamless Texture, Optimized by Pegasus Imaging Corp, http://www.jpg.com #1", "pattern_3": "Bronzer Pomp.png", "yin_opacity": 32.0, "yang_opacity": 58.8, "rim_opacity": 27.3, "flip": 0, "is_transparent_eye": false}