{"Scale": {"division": "10", "radius": 200, "ring_width": 0.417, "eye_width": 0.8666, "rim_width": 1}, "Type": {"type": 0, "color_1": [0.9053, 0.9275, 0.4193, 1.0], "color_2": [0.4798, 0.2616, 0.3333, 1.0], "color_3": [0.5198, 0.3686, 0.6411, 1.0], "pattern_1": "Java", "pattern_2": "Tree Bark", "pattern_3": "Pool Bottom", "yin_opacity": 100.0, "yang_opacity": 100.0, "rim_opacity": 100.0, "direction": 1, "is_transparent_eye": true}, "Overlay": {"is_overlay": true, "gradient_mode": "Normal", "gradient_opacity": 98.1, "overlay_gradient": "Tube Red", "is_reversed": false}, "Emboss": {"is_emboss": true, "emboss_type": 0, "emboss_mode": "Grain Extract", "emboss_opacity": 82.9, "azimuth": 355.27, "elevation": 43.99, "depth": 5, "blur": 3.56, "contrast": -0.261}, "Rotate": {"is_rotate": false, "frame_count": 12, "timer": 100}}