{"Scale": {"division": "2", "radius": 200, "ring_width": 0.7035, "eye_width": 0.4045, "rim_width": 5}, "Type": {"type": 0, "color_1": [0.11996021525632372, 0.48023295947074696, 0.7866341023972906, 1.0], "color_2": [0.21336589760270963, 0.5736386418171324, 0.8800397847436762, 1.0], "color_3": [0.21336589760270963, 0.48023295947074696, 0.7866341023972906, 1.0], "pattern_1": "Leather", "pattern_2": "Leather", "pattern_3": "Leather", "yin_opacity": 100.0, "yang_opacity": 100.0, "rim_opacity": 100.0, "direction": 0, "is_transparent_eye": false}, "Overlay": {"is_overlay": true, "gradient_mode": "Grain Merge", "gradient_opacity": 90.0, "overlay_gradient": "Steel_Pencil_RD", "is_reversed": true}, "Emboss": {"is_emboss": true, "emboss_type": 0, "emboss_mode": "Pin Light", "emboss_opacity": 72.1, "azimuth": 333.86, "elevation": 31.34, "depth": 4, "blur": 4.32, "contrast": 0.222}, "Rotate": {"is_rotate": false, "frame_count": 12, "timer": 100}}