{"Scale": {"division": "6", "radius": 200, "ring_width": 0.9923, "eye_width": 0.6945, "rim_width": 6}, "Type": {"type": 0, "color_1": [0.9381, 0.154, 0.6226, 1.0], "color_2": [0.8168, 0.1585, 0.9663, 1.0], "color_3": [0.6577, 0.3163, 0.4031, 1.0], "pattern_1": "Blue Squares", "pattern_2": "Slate", "pattern_3": "Slate", "yin_opacity": 100.0, "yang_opacity": 100.0, "rim_opacity": 100.0, "flip": 1, "is_transparent_eye": true}, "Overlay": {"is_overlay": true, "gradient_mode": "Hard Light", "gradient_opacity": 15.6, "overlay_gradient": "Metallic_8", "is_reversed": true}, "Emboss": {"is_emboss": true, "emboss_type": 0, "emboss_mode": "Grain Merge", "emboss_opacity": 100.0, "azimuth": 8.11, "elevation": 19.2, "depth": 10, "blur": 1.17, "contrast": 0.151}, "Animation": {"is_animate": false, "frame_count": 12, "timer": 100}}