{"Scale": {"division": "4", "radius": 200, "ring_width": 0.66, "eye_width": 0.6148, "rim_width": 10}, "Type": {"type": 0, "color_1": [0.0, 0.0, 0.0, 1.0], "color_2": [1.0, 1.0, 1.0, 1.0], "color_3": [0.5, 0.5, 0.5, 1.0], "pattern_1": "Leather", "pattern_2": "Leather", "pattern_3": "Leather", "yin_opacity": 100.0, "yang_opacity": 100.0, "rim_opacity": 100.0, "direction": 0, "is_transparent_eye": true}, "Overlay": {"is_overlay": true, "gradient_mode": "Exclusion", "gradient_opacity": 43.6, "overlay_gradient": "Mother of Pearl8", "is_reversed": true}, "Emboss": {"is_emboss": true, "emboss_type": 0, "emboss_mode": "Darken Only", "emboss_opacity": 96.0, "azimuth": 36.11, "elevation": 19.21, "depth": 9, "pre_blur": 5.35, "post_blur": 2.48, "contrast": -0.236}, "Rotate": {"is_rotate": false, "frame_count": 12, "timer": 100}}