{"Scale": {"division": "2", "radius": 200, "ring_width": 0.5, "eye_width": 0.33, "rim_width": 1}, "Type": {"type": 0, "color_1": [0.5258765530485127, 0.7035487358115131, 0.2490017124804259, 1.0], "color_2": [0.5258765530485127, 0.2490017124804259, 0.7035487358115131, 1.0], "color_3": [0.5258765530485127, 0.2490017124804259, 0.2490017124804259, 1.0], "pattern_1": "Leather", "pattern_2": "Leather", "pattern_3": "Leather", "yin_opacity": 100.0, "yang_opacity": 100.0, "rim_opacity": 100.0, "direction": 0, "is_transparent_eye": false}, "Overlay": {"is_overlay": true, "gradient_mode": "Dodge", "gradient_opacity": 68.5, "overlay_gradient": "Purple Light 5#1", "is_reversed": true}, "Emboss": {"is_emboss": true, "emboss_type": 0, "emboss_mode": "Pin Light", "emboss_opacity": 46.5, "azimuth": 337.46, "elevation": 19.22, "depth": 2, "blur": 4.67, "contrast": -0.54}, "Rotate": {"is_rotate": false, "frame_count": 12, "timer": 100}}