{"Scale": {"division": "2", "radius": 200, "ring_width": 0.33, "eye_width": 0.33, "rim_width": 6}, "Type": {"type": 0, "color_1": [0.7828243861126034, 0.9959023651288801, 0.5686879656837542, 1.0], "color_2": [0.2182340552999692, 0.43131203431624576, 0.004097634871119915, 1.0], "color_3": [0.7828243861126034, 0.9959023651288801, 0.5686879656837542, 1.0], "pattern_1": "Leather", "pattern_2": "Leather", "pattern_3": "Leather", "yin_opacity": 100.0, "yang_opacity": 100.0, "rim_opacity": 100.0, "flip": 0, "is_transparent_eye": true}, "Overlay": {"is_overlay": true, "gradient_mode": "Linear Burn", "gradient_opacity": 82.5, "overlay_gradient": "met3", "is_reversed": true}, "Emboss": {"is_emboss": true, "emboss_type": 0, "emboss_mode": "Luma Lighten Only", "emboss_opacity": 73.1, "azimuth": 120.32, "elevation": 38.77, "depth": 4, "blur": 2.37, "contrast": -0.387}, "Animation": {"is_animate": false, "frame_count": 12, "timer": 100}}