{"Scale": {"division": "2", "radius": 200, "rim_width": 0.0, "ring_width": 1.0, "eye_width": 0.33}, "Type": {"type": 0, "color_1": [0.6288636696747014, 0.40367241877372373, 0.9277573431512719, 1.0], "color_2": [0.2974339077497056, 0.0722426568487281, 0.5963275812262764, 1.0], "color_3": [0.2974339077497056, 0.40367241877372373, 0.5963275812262764, 1.0], "pattern_1": "Leather", "pattern_2": "Leather", "pattern_3": "Leather", "yin_opacity": 100.0, "yang_opacity": 100.0, "rim_opacity": 100.0, "flip": 0, "is_transparent_eye": false}, "Overlay": {"is_overlay": true, "gradient_mode": "Normal", "gradient_opacity": 28.6, "overlay_gradient": "8 Mineral", "is_reversed": false}, "Emboss": {"is_emboss": true, "emboss_type": 0, "emboss_mode": "Lighten Only", "emboss_opacity": 87.4, "azimuth": 10.32, "elevation": 45.21, "depth": 4, "blur": 3.99, "contrast": -0.161}, "Animation": {"is_animate": false, "frame_count": 12, "timer": 100}}