{"Scale": {"division": "2", "radius": 200, "ring_width": 0.6157, "eye_width": 0.9277, "rim_width": 9}, "Type": {"type": 0, "color_1": [0.5133, 0.8718, 0.7299, 1.0], "color_2": [0.4467, 0.7996, 0.1531, 1.0], "color_3": [0.1995, 0.2152, 0.8511, 1.0], "pattern_1": "tyllo_lace03.png", "pattern_2": "Created with GIMP #8", "pattern_3": "Blue Squares", "yin_opacity": 100.0, "yang_opacity": 100.0, "rim_opacity": 100.0, "flip": 0, "is_transparent_eye": true}, "Overlay": {"is_overlay": false, "gradient_mode": "Exclusion", "gradient_opacity": 100.0, "overlay_gradient": "Default", "is_reversed": false}, "Emboss": {"is_emboss": false, "emboss_type": 0, "emboss_mode": "Overlay", "emboss_opacity": 100.0, "azimuth": 45.0, "elevation": 30.0, "depth": 1.0, "blur": 0.0, "contrast": 0.0}, "Animation": {"is_animate": false, "frame_count": 12, "timer": 100}}