{"Scale": {"division": "2", "radius": 200, "ring_width": 0.3575, "eye_width": 0.9802, "rim_width": 3}, "Type": {"type": 0, "color_1": [0.9685461917407808, 0.7516799427229374, 0.3406602511749872, 1.0], "color_2": [0.6593397488250128, 0.4424734998071693, 0.03145380825921906, 1.0], "color_3": [0.9685461917407808, 0.7516799427229374, 0.3406602511749872, 1.0], "pattern_1": "Leather", "pattern_2": "Leather", "pattern_3": "Leather", "yin_opacity": 100.0, "yang_opacity": 100.0, "rim_opacity": 100.0, "direction": 0, "is_transparent_eye": false}, "Overlay": {"is_overlay": true, "gradient_mode": "Divide", "gradient_opacity": 85.2, "overlay_gradient": "ThunderCat", "is_reversed": false}, "Emboss": {"is_emboss": true, "emboss_type": 0, "emboss_mode": "Grain Extract", "emboss_opacity": 97.9, "azimuth": 161.01, "elevation": 35.43, "depth": 4, "pre_blur": 3.04, "post_blur": 3.06, "contrast": 0.844}, "Rotate": {"is_rotate": false, "frame_count": 12, "timer": 100}}