{"Scale": {"division": "2", "radius": 200, "ring_width": 1.0, "eye_width": 0.33, "rim_width": 0}, "Type": {"type": 0, "color_1": [0.23167765937860796, 0.6657101538697544, 0.638411541670651, 1.0], "color_2": [0.3342898461302455, 0.7683223406213922, 0.7410237284222888, 1.0], "color_3": [0.3342898461302455, 0.6657101538697544, 0.638411541670651, 1.0], "pattern_1": "Leather", "pattern_2": "Leather", "pattern_3": "Leather", "yin_opacity": 100.0, "yang_opacity": 100.0, "rim_opacity": 100.0, "direction": 0, "is_transparent_eye": false}, "Overlay": {"is_overlay": false, "gradient_mode": "Exclusion", "gradient_opacity": 100.0, "overlay_gradient": "Default", "is_reversed": false}, "Emboss": {"is_emboss": true, "emboss_type": 0, "emboss_mode": "Dodge", "emboss_opacity": 78.2, "azimuth": 221.76, "elevation": 33.23, "depth": 2, "blur": 9.7, "contrast": 0.886}, "Rotate": {"is_rotate": false, "frame_count": 12, "timer": 100}}