{"Scale": {"division": "2", "radius": 200, "rim_width": 8, "ring_width": 0.93, "eye_width": 0.73}, "Type": {"type": 1, "color_1": [0.42849916385125764, 0.10966801933091541, 0.8891523287243257, 1.0], "color_2": [0.3325896183556566, 0.4083495027287226, 0.5370276483958655, 1.0], "color_3": [0.7270058335078822, 0.6478433211761296, 0.43404002055268365, 1.0], "pattern_1": "suisawada_7_.png", "pattern_2": "lightstonerunner.png", "pattern_3": "metal_greenstreaky-01_df_.png", "yin_opacity": 100.0, "yang_opacity": 100.0, "rim_opacity": 100.0, "flip": 0, "is_transparent_eye": false}, "Overlay": {"is_overlay": true, "gradient_mode": "Luminance", "gradient_opacity": 31.5, "overlay_gradient": "Orange Man", "is_reversed": true}, "Emboss": {"is_emboss": true, "emboss_type": 0, "emboss_mode": "Vivid Light", "emboss_opacity": 90.8, "azimuth": 27.02, "elevation": 53.5, "depth": 3, "blur": 0.96, "contrast": 0.349}, "Animation": {"is_animate": false, "frame_count": 12, "timer": 100}}