{"Scale": {"division": "4", "radius": 200, "rim_width": 6, "ring_width": 0.95, "eye_width": 0.2}, "Type": {"type": 0, "color_1": [0.1360296735447304, 0.5064300509434895, 0.7107325881561102, 1.0], "color_2": [0.1360296735447304, 0.7107325881561102, 0.5064300509434896, 1.0], "color_3": [0.1360296735447304, 0.7107325881561102, 0.7107325881561102, 1.0], "pattern_1": "Kamen-nyu-fotograf-Din-Fidelman_1.png", "pattern_2": "dirt_grayrocky_df_.png", "pattern_3": "NOCTUA Graphics Seemless Texture, Optimized by Pegasus Imaging Corp, http://www.jpg.com #3", "yin_opacity": 100.0, "yang_opacity": 100.0, "rim_opacity": 100.0, "flip": 1, "is_transparent_eye": false}, "Overlay": {"is_overlay": true, "gradient_mode": "Exclusion", "gradient_opacity": 57.7, "overlay_gradient": "Mother of Pearl4", "is_reversed": true}, "Emboss": {"is_emboss": true, "emboss_type": 0, "emboss_mode": "Grain Merge", "emboss_opacity": 100.0, "azimuth": 8.11, "elevation": 19.2, "depth": 10, "blur": 1.17, "contrast": 0.151}, "Animation": {"is_animate": false, "frame_count": 12, "timer": 100}}