{"Scale": {"division": "8", "radius": 200, "ring_width": 0.5478, "eye_width": 0.6265, "rim_width": 0}, "Type": {"type": 1, "color_1": [0.542, 0.4643, 0.6204, 1.0], "color_2": [0.5169, 0.5244, 0.4498, 1.0], "color_3": [0.9275, 0.6914, 0.2811, 1.0], "pattern_1": "Craters", "pattern_2": "Granite #1", "pattern_3": "Marble #2", "yin_opacity": 100.0, "yang_opacity": 100.0, "rim_opacity": 9.8, "direction": 0, "is_transparent_eye": false}, "Overlay": {"is_overlay": true, "gradient_mode": "Vivid Light", "gradient_opacity": 95.7, "overlay_gradient": "Metal9", "is_reversed": false}, "Emboss": {"is_emboss": true, "emboss_type": 0, "emboss_mode": "Luminance", "emboss_opacity": 55.4, "azimuth": 56.74, "elevation": 15.42, "depth": 3, "blur": 3.66, "contrast": 0.025}, "Rotate": {"is_rotate": false, "frame_count": 12, "timer": 100}}