{"Scale": {"division": "10", "radius": 200, "ring_width": 0.5, "eye_width": 0.8141, "rim_width": 1}, "Type": {"type": 0, "color_1": [0.9429531590893339, 0.7070058524922266, 0.657986212087433, 1.0], "color_2": [0.942953159089334, 0.657986212087433, 0.7070058524922264, 1.0], "color_3": [0.942953159089334, 0.657986212087433, 0.7070058524922264, 1.0], "pattern_1": "Leather", "pattern_2": "Leather", "pattern_3": "Leather", "yin_opacity": 100.0, "yang_opacity": 100.0, "rim_opacity": 100.0, "direction": 0, "is_transparent_eye": false}, "Overlay": {"is_overlay": true, "gradient_mode": "Grain Extract", "gradient_opacity": 55.6, "overlay_gradient": "Burning Paper #1", "is_reversed": false}, "Emboss": {"is_emboss": true, "emboss_type": 0, "emboss_mode": "Overlay", "emboss_opacity": 92.2, "azimuth": 96.23, "elevation": 40.77, "depth": 16, "blur": 26.0, "contrast": -0.526}, "Rotate": {"is_rotate": false, "frame_count": 12, "timer": 100}}