{"Scale": {"division": "10", "radius": 200, "ring_width": 0.242, "eye_width": 0.9777, "rim_width": 5}, "Type": {"type": 0, "color_1": [0.21889488360372367, 0.30758766670505167, 0.6112252892309286, 1.0], "color_2": [0.38877471076907133, 0.47746749387039916, 0.7811051163962763, 1.0], "color_3": [0.21889488360372367, 0.47746749387039916, 0.6112252892309286, 1.0], "pattern_1": "Leather", "pattern_2": "Leather", "pattern_3": "Leather", "yin_opacity": 100.0, "yang_opacity": 100.0, "rim_opacity": 100.0, "flip": 0, "is_transparent_eye": false}, "Overlay": {"is_overlay": true, "gradient_mode": "Darken Only", "gradient_opacity": 98.0, "overlay_gradient": "Shadows 1 #1", "is_reversed": false}, "Emboss": {"is_emboss": true, "emboss_type": 0, "emboss_mode": "Soft Light", "emboss_opacity": 100.0, "azimuth": 153.95, "elevation": 50.77, "depth": 7, "blur": 2.17, "contrast": -0.544}, "Animation": {"is_animate": false, "frame_count": 12, "timer": 100}}