{"Scale": {"division": "2", "radius": 200, "ring_width": 0.1, "eye_width": 0.8879, "rim_width": 10}, "Type": {"type": 0, "color_1": [0.4367705540021757, 0.9018179422752637, 0.3021327698341678, 1.0], "color_2": [0.5632294459978243, 0.09818205772473632, 0.6978672301658322, 1.0], "color_3": [0.4367705540021757, 0.9018179422752637, 0.6978672301658322, 1.0], "pattern_1": "Leather", "pattern_2": "Leather", "pattern_3": "Leather", "yin_opacity": 100.0, "yang_opacity": 100.0, "rim_opacity": 100.0, "flip": 0, "is_transparent_eye": false}, "Overlay": {"is_overlay": true, "gradient_mode": "Lighten Only", "gradient_opacity": 59.4, "overlay_gradient": "Crown Moulding 07", "is_reversed": true}, "Emboss": {"is_emboss": true, "emboss_type": 1, "emboss_mode": "Subtract", "emboss_opacity": 84.8, "azimuth": 49.7, "elevation": 31.03, "depth": 1, "blur": 9.64, "contrast": -0.269}, "Animation": {"is_animate": false, "frame_count": 12, "timer": 100}}