{"Scale": {"division": "12", "radius": 200, "ring_width": 0.7032, "eye_width": 0.2576, "rim_width": 9}, "Type": {"type": 0, "color_1": [0.8705, 0.2202, 0.3921, 1.0], "color_2": [0.2204, 0.7591, 0.8268, 1.0], "color_3": [0.2904, 0.6014, 0.8218, 1.0], "pattern_1": "Maple Leaves", "pattern_2": "Sky", "pattern_3": "Rain", "yin_opacity": 100.0, "yang_opacity": 100.0, "rim_opacity": 100.0, "direction": 1, "is_transparent_eye": true}, "Overlay": {"is_overlay": false, "gradient_mode": "Exclusion", "gradient_opacity": 100.0, "overlay_gradient": "Default", "is_reversed": false}, "Emboss": {"is_emboss": true, "emboss_type": 0, "emboss_mode": "Overlay", "emboss_opacity": 100.0, "azimuth": 355.27, "elevation": 43.99, "depth": 13, "pre_blur": 13.0, "post_blur": 0.0, "contrast": -0.261}, "Rotate": {"is_rotate": false, "frame_count": 12, "timer": 100}}