{"Scale": {"division": "10", "radius": 200, "ring_width": 0.3485, "eye_width": 0.8022, "rim_width": 11}, "Type": {"type": 0, "color_1": [0.06467163775331786, 0.073550327098728, 0.2516140193925299, 1.0], "color_2": [0.010435337816055323, 0.44875964323125594, 0.6209866630322952, 1.0], "color_3": [0.9270014508266016, 0.16710488357336883, 0.07293024593139197, 1.0], "pattern_1": "Leather", "pattern_2": "Leather", "pattern_3": "Leather", "yin_opacity": 100.0, "yang_opacity": 100.0, "rim_opacity": 100.0, "flip": 1, "is_transparent_eye": false}, "Overlay": {"is_overlay": true, "gradient_mode": "Pin Light", "gradient_opacity": 9.2, "overlay_gradient": "Romanian flag smooth", "is_reversed": true}, "Emboss": {"is_emboss": true, "emboss_type": 1, "emboss_mode": "Merge", "emboss_opacity": 53.7, "azimuth": 170.9, "elevation": 41.35, "depth": 2, "blur": 7.75, "contrast": 0.285}, "Animation": {"is_animate": false, "frame_count": 12, "timer": 100}}