{"Scale": {"division": "6", "radius": 200, "ring_width": 0.75, "eye_width": 0.5, "rim_width": 10}, "Type": {"type": 0, "color_1": [0.9933478288775582, 0.9769075040475949, 0.7262879405731016, 1.0], "color_2": [0.2737120594268983, 0.2572717345969349, 0.006652171122441819, 1.0], "color_3": [0.9933478288775582, 0.2572717345969349, 0.006652171122441819, 1.0], "pattern_1": "Leather", "pattern_2": "Leather", "pattern_3": "Leather", "yin_opacity": 100.0, "yang_opacity": 100.0, "rim_opacity": 100.0, "direction": 0, "is_transparent_eye": true}, "Overlay": {"is_overlay": true, "gradient_mode": "Luma Darken Only", "gradient_opacity": 64.6, "overlay_gradient": "met4", "is_reversed": false}, "Emboss": {"is_emboss": true, "emboss_type": 0, "emboss_mode": "Vivid Light", "emboss_opacity": 100.0, "azimuth": 45.0, "elevation": 15.0, "depth": 9, "pre_blur": 5.0, "post_blur": 1.0, "contrast": 0.994}, "Rotate": {"is_rotate": false, "frame_count": 12, "timer": 100}}