{"Scale": {"division": "6", "radius": 200, "ring_width": 0.89, "eye_width": 0.5, "rim_width": 5}, "Type": {"type": 0, "color_1": [0.8367191911356149, 0.3441891558668234, 0.95057983845319, 1.0], "color_2": [0.5419501968156017, 0.04942016154680995, 0.6558108441331767, 1.0], "color_3": [0.1411764705882353, 0.12156862745098039, 0.19215686274509805, 1.0], "pattern_1": "Leather", "pattern_2": "Leather", "pattern_3": "Leather", "yin_opacity": 100.0, "yang_opacity": 100.0, "rim_opacity": 100.0, "direction": 0, "is_transparent_eye": true}, "Overlay": {"is_overlay": true, "gradient_mode": "Difference", "gradient_opacity": 80.0, "overlay_gradient": "met5", "is_reversed": false}, "Emboss": {"is_emboss": true, "emboss_type": 0, "emboss_mode": "Normal", "emboss_opacity": 70.6, "azimuth": 264.98, "elevation": 32.61, "depth": 9, "pre_blur": 8.0, "post_blur": 1.0, "contrast": -0.009}, "Rotate": {"is_rotate": false, "frame_count": 12, "timer": 100}}