{"Scale": {"division": "2", "radius": 200, "ring_width": 0.3575, "eye_width": 0.9802, "rim_width": 6}, "Type": {"type": 0, "color_1": [0.9685461917407808, 0.7516799427229374, 0.3406602511749872, 1.0], "color_2": [0.6593397488250128, 0.4424734998071693, 0.03145380825921906, 1.0], "color_3": [0.9685461917407808, 0.7516799427229374, 0.3406602511749872, 1.0], "pattern_1": "Leather", "pattern_2": "Leather", "pattern_3": "Leather", "yin_opacity": 100.0, "yang_opacity": 100.0, "rim_opacity": 100.0, "direction": 0, "is_transparent_eye": false}, "Overlay": {"is_overlay": true, "gradient_mode": "HSV Saturation", "gradient_opacity": 44.7, "overlay_gradient": "Purple Light A", "is_reversed": false}, "Emboss": {"is_emboss": true, "emboss_type": 0, "emboss_mode": "Overlay", "emboss_opacity": 77.6, "azimuth": 45.0, "elevation": 15.0, "depth": 5, "pre_blur": 5.0, "post_blur": 1.0, "contrast": -0.04}, "Rotate": {"is_rotate": false, "frame_count": 12, "timer": 100}}