{"Scale": {"division": "10", "radius": 200, "ring_width": 0.9117, "eye_width": 0.5482, "rim_width": 4}, "Type": {"type": 0, "color_1": [0.9145491764608994, 0.9816912917348691, 0.33905096759927644, 1.0], "color_2": [0.9145491764608995, 0.33905096759927655, 0.981691291734869, 1.0], "color_3": [0.9145491764608995, 0.9816912917348691, 0.981691291734869, 1.0], "pattern_1": "Leather", "pattern_2": "Leather", "pattern_3": "Leather", "yin_opacity": 100.0, "yang_opacity": 100.0, "rim_opacity": 100.0, "flip": 0, "is_transparent_eye": true}, "Overlay": {"is_overlay": true, "gradient_mode": "Dodge", "gradient_opacity": 83.4, "overlay_gradient": "Purple Light 3", "is_reversed": false}, "Emboss": {"is_emboss": true, "emboss_type": 0, "emboss_mode": "Soft Light", "emboss_opacity": 100.0, "azimuth": 64.88, "elevation": 56.48, "depth": 4, "blur": 0.52, "contrast": 0.178}, "Rotate": {"is_rotate": false, "frame_count": 12, "timer": 100}}